loan_id,applicant_name,age,gender,income,employment_type,credit_score,loan_amount,loan_purpose,application_date,approval_status
LN0001,Jose Camacho,28,Male,418786,Salaried,528,342632,Business,2024-04-18,Rejected
LN0002,Matthew Smith,55,Male,339588,Salaried,330,246493,Personal,2025-06-05,Approved
LN0003,Derrick Mcmahon,59,Male,324254,Salaried,729,512297,Medical,2024-07-06,Approved
LN0004,Stephanie Lee,21,Male,396026,Salaried,584,376064,Personal,2024-08-05,Rejected
LN0005,Caitlin Jackson,42,Male,78625,Salaried,667,1827324,Education,2023-11-09,Approved
LN0006,Paula Dixon,23,Female,311137,Salaried,687,215255,Home Improvement,2025-04-12,Approved
LN0007,Nicholas Thompson,60,Female,332698,Salaried,371,146100,Personal,2024-02-21,Rejected
LN0008,Dalton Vasquez,26,Male,484286,Salaried,584,1000870,Education,2025-05-31,Approved
LN0009,Michael Le,43,Male,381364,Salaried,373,1327440,Personal,2025-06-17,Rejected
LN0010,Janet Simon,36,Male,272357,Salaried,524,1485740,Education,2025-03-13,Rejected
LN0011,Margaret Nelson,24,Male,460861,Salaried,623,891303,Education,2024-12-14,Approved
LN0012,Jeffrey Jones MD,57,Female,141477,Self-employed,705,1905315,Medical,2024-09-09,Approved
LN0013,Pamela Barker,29,Male,420588,Salaried,569,1616601,Home Improvement,2023-10-11,Rejected
LN0014,Karen White,58,Female,219790,Salaried,441,1118554,Medical,2024-04-16,Approved
LN0015,Alexis Washington DVM,24,Male,110132,Self-employed,732,1300760,Business,2024-06-01,Approved
LN0016,Penny Anderson,59,Female,307408,Salaried,311,1476657,Business,2024-05-27,Rejected
LN0017,Matthew Wilson,55,Female,432967,Self-employed,414,665514,Medical,2025-03-19,Approved
LN0018,Lori Mitchell,21,Female,292451,Self-employed,819,1963919,Business,2024-11-04,Rejected
LN0019,Tina Gonzalez,40,Male,110131,Salaried,465,1181159,Home Improvement,2024-06-07,Rejected
LN0020,Samuel Williams,59,Female,286170,Salaried,671,1892813,Education,2024-03-18,Approved
LN0021,David Mitchell,36,Male,74907,Self-employed,370,1645098,Home Improvement,2024-09-22,Rejected
LN0022,Sarah Bowman,29,Female,318255,Salaried,840,1879624,Home Improvement,2024-03-22,Approved
LN0023,Jacqueline Hernandez,34,Male,403790,Salaried,682,968762,Home Improvement,2024-11-26,Approved
LN0024,Gary Waters,36,Male,63568,Salaried,535,1284048,Personal,2025-06-11,Approved
LN0025,Gregory Lozano,24,Male,65337,Unemployed,638,198598,Home Improvement,2024-06-15,Approved
LN0026,Brandon Scott,52,Male,312713,Salaried,784,559602,Medical,2025-02-03,Rejected
LN0027,Sarah Banks,33,Male,80819,Self-employed,662,938308,Medical,2023-07-27,Approved
LN0028,Jennifer Freeman,24,Male,61778,Salaried,647,1728964,Business,2024-08-27,Approved
LN0029,Cynthia Martinez,33,Female,103495,Salaried,585,1020201,Personal,2025-07-11,Rejected
LN0030,Patrick Short,25,Female,453636,Self-employed,400,156091,Home Improvement,2023-09-07,Rejected
LN0031,Allison Watkins,26,Male,117194,Salaried,792,498260,Medical,2024-12-20,Rejected
LN0032,Mary Edwards,31,Female,31130,Unemployed,571,1993049,Medical,2024-11-24,Approved
LN0033,Spencer Wright,56,Female,111158,Salaried,522,172648,Home Improvement,2024-08-25,Rejected
LN0034,Nicole Wilkins,24,Female,59971,Salaried,788,1104553,Home Improvement,2023-12-23,Approved
LN0035,Mark Clayton,53,Male,476348,Salaried,369,1466023,Personal,2024-05-03,Rejected
LN0036,Tina Owen,57,Male,333520,Salaried,383,929178,Home Improvement,2023-08-27,Rejected
LN0037,Tracy Schwartz,41,Female,137090,Self-employed,621,550560,Education,2024-08-26,Approved
LN0038,Amber Perkins,40,Female,195767,Unemployed,374,69535,Medical,2023-11-15,Rejected
LN0039,Shannon Elliott,57,Male,68409,Salaried,818,606165,Personal,2024-09-29,Rejected
LN0040,Meghan Garcia,25,Male,223738,Salaried,748,1798489,Home Improvement,2023-12-09,Rejected
LN0041,Sandra Edwards,60,Male,380152,Self-employed,606,1441226,Business,2024-05-01,Rejected
LN0042,Heather Stewart MD,29,Female,90517,Self-employed,459,621155,Education,2024-11-18,Rejected
LN0043,Timothy Thomas,42,Male,390446,Self-employed,570,1109919,Medical,2024-08-25,Approved
LN0044,Kaitlyn Taylor,24,Male,362547,Salaried,583,142456,Business,2024-06-26,Rejected
LN0045,Michael Warren,29,Female,114715,Self-employed,737,1226306,Business,2025-06-17,Approved
LN0046,Jennifer Fitzgerald,30,Male,467568,Salaried,451,951328,Personal,2023-10-11,Approved
LN0047,Elizabeth Cummings,44,Male,217595,Salaried,555,1448660,Business,2023-08-12,Rejected
LN0048,Mrs. Christie Garza,56,Female,355405,Self-employed,542,1863209,Personal,2024-12-30,Rejected
LN0049,Clinton Bowman,32,Female,42995,Salaried,640,1690783,Medical,2024-09-10,Rejected
LN0050,Victor Howard,36,Female,113465,Self-employed,410,852248,Business,2025-05-28,Rejected
LN0051,Savannah Hall,35,Male,458126,Unemployed,658,690031,Personal,2024-05-05,Approved
LN0052,Joseph Rush,33,Female,202103,Salaried,371,1671783,Education,2025-05-10,Rejected
LN0053,Dr. Chelsea Wolf,53,Female,386263,Unemployed,849,744471,Business,2024-03-07,Approved
LN0054,Caleb Byrd,37,Male,334396,Unemployed,571,130231,Business,2023-10-24,Rejected
LN0055,Jennifer Nelson,43,Female,258796,Self-employed,823,292526,Medical,2023-10-11,Rejected
LN0056,Eric Hunter,33,Female,53271,Self-employed,301,1140351,Home Improvement,2025-03-10,Rejected
LN0057,Lindsey Phillips,33,Female,256124,Salaried,638,1356851,Education,2025-03-30,Approved
LN0058,Frank Newman,28,Female,295878,Salaried,718,734055,Medical,2024-10-01,Approved
LN0059,Mason Greene,56,Male,130579,Salaried,688,1470438,Personal,2025-02-15,Approved
LN0060,Jill Howell,40,Female,317276,Self-employed,611,651701,Personal,2024-06-02,Approved
LN0061,Joseph Palmer,58,Female,273787,Salaried,518,1122009,Medical,2023-12-03,Rejected
LN0062,John Macias,31,Male,178785,Salaried,643,245847,Personal,2024-12-27,Approved
LN0063,Meghan Jones,35,Male,107255,Salaried,550,1046433,Home Improvement,2024-11-12,Rejected
LN0064,Timothy Smith,25,Female,247286,Self-employed,499,1556480,Medical,2025-04-13,Rejected
LN0065,Daniel Terrell,36,Male,373963,Self-employed,409,1682465,Medical,2023-11-21,Approved
LN0066,William Martinez,54,Female,56328,Salaried,424,1007269,Personal,2025-03-08,Rejected
LN0067,Brenda Turner,54,Female,425968,Self-employed,816,944940,Home Improvement,2024-07-25,Approved
LN0068,Roy Gardner,31,Female,265966,Salaried,553,1811320,Education,2023-10-31,Rejected
LN0069,Andrew Jenkins,54,Female,358596,Salaried,750,212494,Education,2024-02-11,Approved
LN0070,Cory Cruz,42,Female,498203,Salaried,441,366314,Personal,2024-06-13,Rejected
LN0071,Eric Leach,30,Male,63674,Salaried,638,1187938,Medical,2023-09-15,Approved
LN0072,Brian Lee,34,Female,234198,Unemployed,320,1846697,Home Improvement,2025-07-04,Rejected
LN0073,Dylan Adkins,21,Female,186559,Self-employed,729,1178730,Home Improvement,2025-03-29,Rejected
LN0074,Connie Leonard,35,Female,145040,Salaried,797,110869,Medical,2023-10-07,Approved
LN0075,Brian Harrison,46,Male,470667,Salaried,430,1354967,Home Improvement,2024-05-21,Approved
LN0076,Rebekah Harris,46,Male,74012,Self-employed,438,1867919,Medical,2024-09-30,Approved
LN0077,Melissa Medina,37,Female,201627,Salaried,634,757789,Medical,2023-10-26,Approved
LN0078,James Robinson,47,Female,467733,Salaried,319,1620817,Home Improvement,2025-03-02,Approved
LN0079,Johnathan Kennedy,43,Male,370862,Salaried,341,1631741,Business,2023-12-13,Rejected
LN0080,Steven Hester,33,Male,355758,Salaried,429,1043129,Business,2024-12-04,Rejected
LN0081,James Ray,34,Female,396721,Salaried,677,401879,Home Improvement,2024-11-17,Approved
LN0082,Anne Bird,28,Male,193073,Salaried,326,1998017,Education,2024-05-01,Rejected
LN0083,Devin Lucas,45,Female,404873,Salaried,548,263702,Education,2024-10-08,Rejected
LN0084,Sharon Berg,59,Male,447452,Unemployed,342,778139,Home Improvement,2024-11-01,Rejected
LN0085,Andrew Gonzalez,44,Male,295269,Self-employed,312,1831689,Medical,2023-09-01,Rejected
LN0086,Daniel Johnson,27,Female,219890,Self-employed,770,1533333,Personal,2023-12-19,Approved
LN0087,Ashley Martin,54,Female,352915,Self-employed,795,1024910,Medical,2024-04-25,Rejected
LN0088,John Gomez,58,Female,198980,Self-employed,388,634954,Medical,2024-08-07,Approved
LN0089,Marcus Watson,50,Female,206368,Salaried,632,431345,Medical,2023-11-23,Approved
LN0090,Ian Hudson,37,Female,176621,Self-employed,582,1215578,Business,2023-10-20,Rejected
LN0091,Debra Smith,33,Male,156540,Self-employed,800,1214288,Personal,2024-05-17,Approved
LN0092,Thomas Butler,52,Female,445725,Salaried,601,514721,Medical,2024-07-21,Approved
LN0093,Alexander Byrd,40,Female,278124,Salaried,652,942346,Home Improvement,2025-05-31,Approved
LN0094,Kathryn Fisher,50,Female,190758,Salaried,423,1562642,Personal,2025-05-04,Rejected
LN0095,Dylan Foley,55,Male,130422,Salaried,795,629861,Home Improvement,2024-07-26,Rejected
LN0096,Daniel House,54,Female,82704,Self-employed,603,527066,Education,2024-04-11,Approved
LN0097,William Cole,21,Male,173818,Salaried,355,1210477,Education,2025-02-17,Rejected
LN0098,Gerald Lee,29,Female,83785,Self-employed,591,1034396,Medical,2024-10-08,Rejected
LN0099,Sandra Pratt,32,Male,162371,Unemployed,789,289258,Business,2024-11-07,Rejected
LN0100,Joel Murphy,25,Male,109548,Salaried,611,228637,Personal,2025-07-03,Approved
LN0101,David Ruiz,47,Male,436686,Salaried,761,1955271,Medical,2024-03-19,Approved
LN0102,Amanda Pierce,58,Female,190107,Salaried,361,1328488,Business,2025-04-26,Rejected
LN0103,Nina Gordon,34,Male,168750,Self-employed,460,553033,Personal,2025-04-23,Rejected
LN0104,Mackenzie Smith,31,Male,244180,Salaried,781,660815,Business,2025-05-03,Approved
LN0105,Amanda Fox,39,Female,67318,Self-employed,570,1702195,Home Improvement,2024-09-11,Rejected
LN0106,Matthew Reed,33,Female,90175,Salaried,452,1955076,Education,2024-08-15,Rejected
LN0107,Tamara Blanchard,25,Male,116991,Self-employed,595,970971,Business,2025-06-15,Rejected
LN0108,Erica Sparks,40,Female,172735,Salaried,805,968046,Business,2024-04-10,Approved
LN0109,Stacy Butler,48,Female,346519,Salaried,393,530089,Home Improvement,2023-12-11,Rejected
LN0110,Jonathan Obrien,22,Female,332119,Salaried,479,1036711,Home Improvement,2023-10-29,Rejected
LN0111,Joseph Ramos,38,Male,336881,Salaried,803,241349,Medical,2024-04-25,Approved
LN0112,Austin Chen,42,Female,381342,Salaried,464,741648,Medical,2025-06-21,Rejected
LN0113,Kurt Francis,39,Female,456542,Self-employed,337,1003839,Business,2025-02-26,Rejected
LN0114,Robin Oconnor,41,Male,435037,Salaried,826,1779997,Business,2025-04-08,Approved
LN0115,Matthew Gilbert,55,Female,246660,Salaried,830,808706,Home Improvement,2023-09-28,Rejected
LN0116,Marissa Maldonado,49,Male,136723,Salaried,434,1995470,Education,2024-07-15,Rejected
LN0117,Wendy Evans,52,Male,45135,Unemployed,545,1538522,Personal,2024-06-09,Rejected
LN0118,Christopher Cobb,21,Female,78868,Salaried,416,1017726,Business,2024-09-27,Rejected
LN0119,Brian Reynolds,30,Female,405706,Salaried,579,921346,Medical,2024-12-05,Rejected
LN0120,Kimberly Buchanan,36,Female,319021,Salaried,495,1983297,Home Improvement,2023-11-15,Rejected
LN0121,Christopher Roberson,29,Male,174833,Self-employed,724,762770,Home Improvement,2023-09-16,Approved
LN0122,Daniel Ellis,21,Female,410659,Salaried,801,1864582,Personal,2023-07-29,Approved
LN0123,Amanda Smith,51,Female,204294,Salaried,686,1004926,Education,2023-10-26,Rejected
LN0124,Derrick Garcia,36,Female,152453,Self-employed,720,141535,Education,2024-05-14,Rejected
LN0125,Lauren Brown,45,Female,377964,Self-employed,455,1088779,Business,2024-07-27,Approved
LN0126,Aaron Marshall,58,Female,485973,Salaried,750,259110,Home Improvement,2024-06-18,Rejected
LN0127,Thomas Johnson,21,Male,244946,Self-employed,458,206926,Medical,2025-04-28,Rejected
LN0128,Patrick Montgomery MD,37,Female,356767,Self-employed,382,1836281,Education,2025-04-19,Rejected
LN0129,Christine Fields,55,Female,196021,Self-employed,799,1879519,Home Improvement,2023-12-08,Approved
LN0130,Samantha Huffman,25,Male,360910,Self-employed,594,527073,Business,2024-05-08,Rejected
LN0131,Chad Rose,27,Male,262615,Salaried,606,1944617,Business,2024-11-06,Approved
LN0132,Tina Franco,24,Female,217938,Salaried,449,562119,Home Improvement,2023-11-29,Rejected
LN0133,Michael Jones,32,Male,121786,Salaried,691,1349626,Personal,2024-04-26,Approved
LN0134,Jo Beck,58,Male,151733,Salaried,560,1013789,Education,2024-02-29,Rejected
LN0135,Emily Kidd,50,Female,385263,Salaried,375,976374,Education,2025-02-08,Rejected
LN0136,Jessica Grant,40,Female,391923,Salaried,609,467788,Medical,2024-03-16,Rejected
LN0137,Craig Watts,27,Male,229944,Salaried,602,1516494,Education,2023-09-10,Approved
LN0138,Brian Henson,46,Female,34245,Salaried,350,1959702,Home Improvement,2025-03-11,Rejected
LN0139,Angela Hart,39,Male,348276,Self-employed,524,1385084,Personal,2024-01-15,Rejected
LN0140,Michael Bailey,29,Male,358968,Self-employed,616,1703836,Medical,2024-08-15,Approved
LN0141,Timothy Anderson,44,Male,77255,Unemployed,634,1617580,Medical,2024-08-27,Approved
LN0142,Heather Kennedy,29,Female,308319,Salaried,579,1791627,Personal,2023-11-29,Approved
LN0143,Felicia Baldwin,51,Female,421412,Self-employed,417,1032162,Business,2025-02-12,Approved
LN0144,Richard Rodriguez,35,Female,473413,Self-employed,674,239378,Medical,2025-04-09,Approved
LN0145,Jamie Stewart,55,Male,268438,Salaried,568,1275911,Medical,2023-12-05,Rejected
LN0146,Sarah Chapman,44,Male,383808,Salaried,325,1349283,Home Improvement,2025-04-10,Rejected
LN0147,David Fernandez,60,Male,369556,Salaried,775,1957124,Education,2023-10-26,Approved
LN0148,George Phelps,28,Male,53774,Unemployed,611,1083108,Business,2024-08-05,Approved
LN0149,Whitney Porter,55,Male,233762,Salaried,729,1281741,Personal,2024-07-31,Rejected
LN0150,Amy Hanson,27,Female,352779,Salaried,586,118611,Education,2023-11-05,Approved
LN0151,Scott Sweeney,49,Male,478502,Salaried,676,1191827,Education,2024-10-21,Approved
LN0152,Christine Hamilton,38,Male,94046,Unemployed,765,242253,Personal,2023-09-04,Rejected
LN0153,Laura Smith,59,Male,56517,Self-employed,549,314081,Home Improvement,2023-12-05,Approved
LN0154,Eric Medina,56,Male,337433,Salaried,538,739039,Personal,2023-09-25,Rejected
LN0155,Courtney Braun,59,Male,175371,Self-employed,448,322613,Home Improvement,2023-07-25,Approved
LN0156,Cynthia Preston,32,Male,376584,Self-employed,434,81164,Education,2025-06-02,Rejected
LN0157,Jessica Escobar,36,Female,38273,Salaried,353,315831,Medical,2023-11-15,Rejected
LN0158,Misty Schneider,25,Female,265025,Self-employed,825,1295007,Business,2024-01-10,Approved
LN0159,Dr. Brian Rush Jr.,35,Male,411284,Self-employed,833,682564,Medical,2024-08-24,Approved
LN0160,Michele Foster,22,Male,281124,Self-employed,736,1488850,Business,2023-08-20,Approved
LN0161,Darin Miller,49,Male,72357,Salaried,451,187745,Personal,2024-01-22,Approved
LN0162,Melanie Johnson,58,Female,229703,Unemployed,843,668445,Medical,2023-08-02,Rejected
LN0163,Andrew Lynn,48,Male,445810,Self-employed,520,951922,Medical,2023-08-21,Rejected
LN0164,Melissa Jackson,47,Female,463805,Salaried,725,1580108,Business,2025-06-02,Approved
LN0165,Brittany Davis,41,Female,226241,Unemployed,785,190788,Business,2024-07-22,Rejected
LN0166,Jeremy Smith,26,Female,80627,Self-employed,681,1752403,Personal,2024-04-06,Approved
LN0167,Timothy Taylor,58,Female,381279,Salaried,662,1882087,Medical,2025-06-12,Rejected
LN0168,Nicole Green,24,Female,344787,Salaried,406,1261982,Home Improvement,2025-01-26,Approved
LN0169,Lisa Jones,51,Male,474216,Salaried,676,290931,Education,2023-11-19,Approved
LN0170,Kathryn Weaver,48,Male,349288,Unemployed,573,110719,Personal,2024-06-21,Approved
LN0171,Jeffrey Morton,40,Female,214037,Salaried,446,1237661,Medical,2025-03-03,Approved
LN0172,Sarah Reynolds,22,Male,421177,Salaried,685,930452,Medical,2024-10-06,Approved
LN0173,Jessica Anderson,44,Female,408324,Salaried,386,1902502,Business,2023-12-09,Approved
LN0174,Victoria House,60,Male,383353,Salaried,753,1438186,Medical,2023-12-10,Approved
LN0175,Brandon Rodriguez,49,Female,173218,Salaried,824,288692,Education,2024-03-16,Approved
LN0176,Eric Moody,39,Female,306265,Self-employed,346,512460,Medical,2023-09-26,Rejected
LN0177,Brian Mendez,24,Male,137176,Salaried,516,1659248,Personal,2024-05-29,Rejected
LN0178,Joshua Griffin,39,Female,92906,Salaried,740,418458,Personal,2025-05-25,Approved
LN0179,Vincent Mccormick,35,Female,67788,Salaried,343,964818,Business,2025-04-16,Rejected
LN0180,Christine Reyes,25,Female,331863,Salaried,714,1537927,Medical,2023-11-29,Approved
LN0181,Adam Mason,46,Male,200272,Salaried,771,1794884,Education,2025-01-08,Approved
LN0182,Travis Lane,27,Male,258419,Salaried,836,214934,Medical,2024-02-25,Rejected
LN0183,Gregory Gordon,42,Male,204623,Self-employed,378,1120561,Business,2025-03-22,Rejected
LN0184,Timothy Ortiz,33,Female,214077,Self-employed,451,545491,Business,2024-04-20,Approved
LN0185,Brandy Bailey,33,Male,345830,Salaried,377,421502,Medical,2024-06-21,Rejected
LN0186,Matthew Pham,57,Female,387110,Unemployed,630,1862457,Education,2024-05-11,Approved
LN0187,Thomas Drake,25,Female,261844,Self-employed,581,1290297,Business,2023-12-31,Rejected
LN0188,John Thomas,25,Female,272086,Salaried,358,823298,Education,2024-07-25,Approved
LN0189,Hannah Guzman,26,Female,272594,Salaried,342,993159,Home Improvement,2024-05-30,Rejected
LN0190,Micheal Green,41,Female,292860,Salaried,363,994815,Business,2024-09-30,Rejected
LN0191,Sherry Scott,42,Male,294528,Self-employed,340,569556,Medical,2023-10-21,Rejected
LN0192,Madeline Miranda,54,Male,220787,Salaried,589,862471,Medical,2023-10-13,Rejected
LN0193,Ann Guerrero,59,Male,443782,Self-employed,642,188227,Education,2023-12-04,Approved
LN0194,Jessica Gross,45,Female,162118,Self-employed,453,749110,Business,2025-01-22,Rejected
LN0195,Ryan Edwards,30,Female,192650,Unemployed,701,320431,Home Improvement,2024-07-03,Rejected
LN0196,Janet Jenkins,26,Female,323036,Salaried,636,1755372,Personal,2024-03-01,Approved
LN0197,Jeffrey Williams,54,Male,368703,Self-employed,820,808808,Business,2024-11-22,Approved
LN0198,Julie Diaz,32,Male,209166,Unemployed,797,452664,Personal,2023-09-27,Rejected
LN0199,Jose Shelton,30,Male,185080,Self-employed,403,1114702,Home Improvement,2024-02-11,Rejected
LN0200,Adam Stevens,54,Male,377041,Salaried,434,1302516,Medical,2023-11-22,Approved
LN0201,Justin Smith,32,Male,408107,Salaried,720,813991,Personal,2024-01-23,Rejected
LN0202,Gabrielle Conway,60,Female,424469,Self-employed,759,540739,Home Improvement,2024-06-22,Approved
LN0203,Michael Taylor,51,Male,222854,Self-employed,751,1018213,Education,2025-01-02,Rejected
LN0204,Christina Griffin,53,Female,114965,Self-employed,441,1880817,Education,2023-11-20,Approved
LN0205,Jesus Torres,51,Female,320739,Unemployed,828,1835024,Business,2025-06-07,Approved
LN0206,Angela White,31,Female,265572,Unemployed,450,1792831,Medical,2023-12-20,Approved
LN0207,Jennifer Harrison,35,Female,493800,Salaried,327,920101,Business,2023-07-17,Rejected
LN0208,Alice Mathis,44,Male,232462,Unemployed,683,520891,Business,2025-04-25,Rejected
LN0209,Stephanie Kelley,27,Female,444911,Salaried,339,651629,Medical,2023-08-13,Rejected
LN0210,Travis Valencia,29,Female,265196,Self-employed,381,89854,Education,2024-07-29,Approved
LN0211,Kyle Powell,30,Female,88293,Self-employed,543,681559,Business,2024-08-14,Approved
LN0212,Jennifer Ryan,47,Female,62929,Salaried,811,1301452,Home Improvement,2024-05-05,Approved
LN0213,Jessica Martin,53,Male,406724,Salaried,739,53280,Home Improvement,2024-06-15,Approved
LN0214,Derek Chan,57,Female,128206,Self-employed,387,1147826,Education,2025-05-28,Approved
LN0215,Louis Fowler,54,Male,234710,Self-employed,344,1383098,Medical,2023-08-25,Rejected
LN0216,Cameron Hardin,37,Male,217220,Self-employed,653,555677,Business,2024-07-14,Rejected
LN0217,Kelly Romero,42,Male,53244,Salaried,646,1756051,Personal,2023-12-07,Rejected
LN0218,Danielle Bowman,50,Female,361211,Salaried,438,182331,Medical,2024-10-06,Approved
LN0219,Emily Hensley,33,Male,444769,Salaried,342,711852,Education,2025-05-29,Rejected
LN0220,Steve Howell,55,Female,162809,Salaried,495,650018,Education,2023-11-18,Rejected
LN0221,Scott Butler,24,Female,173244,Salaried,676,966353,Medical,2024-01-18,Rejected
LN0222,Theresa Jackson,45,Female,127946,Salaried,809,820382,Home Improvement,2023-08-24,Approved
LN0223,Zachary Mccall,26,Female,71380,Salaried,484,1193942,Education,2024-04-18,Rejected
LN0224,Benjamin Mitchell,26,Female,376512,Salaried,756,1313789,Medical,2024-04-24,Approved
LN0225,Fred Anderson,49,Female,264424,Salaried,661,1339437,Medical,2025-04-01,Approved
LN0226,Jessica Francis,24,Male,381893,Self-employed,672,1126019,Personal,2024-11-06,Rejected
LN0227,Rebecca Delgado,30,Female,48244,Salaried,541,1682665,Education,2025-02-16,Rejected
LN0228,Robert Blackwell,57,Male,347243,Salaried,760,827968,Education,2024-09-02,Approved
LN0229,David Fletcher,25,Male,307589,Salaried,621,1412227,Education,2024-05-06,Approved
LN0230,Edwin Fitzgerald,28,Male,415705,Salaried,830,861571,Home Improvement,2025-06-11,Approved
LN0231,Dustin Holmes,37,Female,142496,Unemployed,592,1505382,Medical,2024-10-01,Approved
LN0232,Ryan Arias MD,29,Male,267000,Salaried,755,234110,Education,2024-04-26,Approved
LN0233,Andrew Schwartz,25,Female,497314,Salaried,461,1542771,Personal,2024-09-01,Rejected
LN0234,Stephen Hall,53,Male,93628,Unemployed,442,546471,Medical,2023-07-17,Approved
LN0235,Gabriel Brown,56,Female,275055,Self-employed,432,1333348,Business,2023-08-06,Approved
LN0236,Mary Ferguson,46,Female,305615,Salaried,719,1776667,Home Improvement,2025-04-03,Approved
LN0237,Belinda Anderson,41,Male,265916,Salaried,829,772499,Personal,2023-08-26,Rejected
LN0238,Rebecca Long,56,Male,432538,Unemployed,743,1104581,Business,2024-03-19,Rejected
LN0239,Sharon Armstrong,54,Male,189448,Salaried,630,1537577,Personal,2024-11-24,Approved
LN0240,Sean Thompson,54,Female,473512,Salaried,501,1381811,Home Improvement,2025-01-21,Approved
LN0241,Gregory Neal,40,Male,293493,Self-employed,457,409033,Home Improvement,2025-06-26,Rejected
LN0242,Laura West,59,Female,471728,Unemployed,342,1780645,Business,2025-04-22,Approved
LN0243,Jason Scott,57,Female,371379,Salaried,726,1346267,Business,2024-05-25,Approved
LN0244,Gina Weber,55,Female,366544,Unemployed,794,563546,Medical,2023-12-23,Approved
LN0245,Lance Wright,25,Male,112879,Salaried,795,1024005,Personal,2023-08-09,Approved
LN0246,Martha Jimenez,30,Female,481666,Self-employed,653,886169,Personal,2025-05-05,Rejected
LN0247,Zachary Walker,53,Male,197308,Salaried,425,610928,Medical,2023-08-12,Approved
LN0248,Krystal Aguilar,27,Male,182154,Unemployed,728,570660,Personal,2023-09-14,Rejected
LN0249,Christopher Rocha,57,Female,129527,Self-employed,810,1129456,Medical,2025-06-23,Approved
LN0250,Nathan Holland,40,Female,42151,Salaried,702,1109993,Medical,2024-02-09,Rejected
LN0251,Erica Quinn,34,Female,55510,Salaried,806,1303087,Medical,2023-07-18,Approved
LN0252,Russell Mccullough,21,Male,255930,Salaried,570,1575694,Education,2023-10-11,Rejected
LN0253,Regina Thomas,44,Male,240020,Salaried,499,810267,Home Improvement,2024-06-11,Approved
LN0254,Kristie Harris,45,Female,430767,Salaried,421,319826,Business,2024-04-22,Rejected
LN0255,Scott Rowe,42,Female,425819,Salaried,821,891769,Home Improvement,2025-05-18,Approved
LN0256,Brent Boyd,23,Male,404127,Salaried,785,1139119,Medical,2024-01-10,Approved
LN0257,Mr. Kyle Best,53,Male,201948,Unemployed,626,390791,Medical,2025-02-13,Rejected
LN0258,Christopher Tanner,40,Female,295979,Self-employed,845,1077282,Home Improvement,2024-08-31,Approved
LN0259,Joshua Blackburn,22,Female,203664,Self-employed,726,1274112,Education,2024-06-03,Rejected
LN0260,Ashley Lewis,22,Female,169214,Unemployed,533,1562885,Business,2024-05-27,Rejected
LN0261,Veronica Fowler,31,Female,107477,Self-employed,548,116208,Home Improvement,2024-03-10,Rejected
LN0262,Sabrina Hunt,28,Male,39928,Salaried,728,367574,Medical,2025-02-14,Approved
LN0263,Allison Meadows,47,Female,487607,Self-employed,363,1530117,Personal,2025-06-30,Rejected
LN0264,Jennifer Simmons,56,Female,377197,Salaried,685,707986,Personal,2023-12-12,Approved
LN0265,Cheryl Bell,55,Female,316404,Salaried,570,1329423,Medical,2025-06-25,Approved
LN0266,Joseph Sexton,36,Female,322598,Salaried,604,1667269,Education,2024-04-24,Rejected
LN0267,Cynthia Obrien,52,Female,281555,Salaried,580,653538,Business,2023-12-30,Rejected
LN0268,Beth Merritt,55,Female,499636,Unemployed,653,1671233,Personal,2025-01-29,Approved
LN0269,Jeff Ramirez,39,Male,211594,Unemployed,562,1617282,Medical,2023-12-13,Approved
LN0270,Melanie Wright,55,Female,324659,Self-employed,440,279064,Home Improvement,2024-09-17,Rejected
LN0271,Dr. Anne Friedman,36,Male,56615,Self-employed,843,523267,Personal,2024-11-10,Approved
LN0272,Paul Wright,47,Female,406102,Salaried,440,60866,Home Improvement,2024-01-02,Rejected
LN0273,Hunter Gonzalez,31,Female,372303,Unemployed,787,1051282,Personal,2025-05-03,Rejected
LN0274,Paula Rice,39,Female,179639,Self-employed,391,1417969,Home Improvement,2024-09-17,Approved
LN0275,Anthony Collins,23,Male,249092,Self-employed,480,1978613,Business,2024-12-04,Rejected
LN0276,Christopher Brown,46,Female,127680,Unemployed,596,1888663,Business,2023-12-18,Approved
LN0277,Michael Smith,57,Male,205658,Salaried,836,1085809,Personal,2023-07-26,Rejected
LN0278,Debra Monroe,50,Female,131088,Self-employed,638,390775,Medical,2024-09-25,Approved
LN0279,Megan Erickson,32,Male,416199,Salaried,602,1240723,Personal,2024-01-26,Approved
LN0280,Victoria Allen,46,Female,300155,Salaried,710,1453531,Business,2023-08-25,Approved
LN0281,Edward Moreno,29,Female,199660,Unemployed,306,596906,Medical,2025-06-05,Approved
LN0282,Alexander Walker,38,Female,188306,Salaried,311,598516,Education,2023-09-02,Rejected
LN0283,Barry Richardson,24,Male,274001,Salaried,715,1488800,Home Improvement,2024-04-23,Rejected
LN0284,Michael Salazar,40,Male,364868,Unemployed,602,820795,Home Improvement,2023-12-07,Approved
LN0285,Gregory Smith,29,Female,110313,Salaried,682,922091,Home Improvement,2023-12-25,Rejected
LN0286,Carolyn Morris,55,Male,429433,Salaried,383,1152067,Medical,2024-11-07,Rejected
LN0287,Joseph Gonzalez MD,44,Male,325786,Salaried,817,473953,Home Improvement,2024-05-06,Approved
LN0288,Jeremy Horn,31,Female,477996,Salaried,419,1476682,Personal,2024-03-31,Rejected
LN0289,Wayne Cortez,52,Male,297583,Salaried,356,1000916,Personal,2025-04-23,Rejected
LN0290,Nathaniel Hooper,50,Male,322970,Salaried,615,1566828,Business,2024-01-10,Approved
LN0291,Pamela Brown,21,Male,333201,Salaried,733,772529,Business,2023-08-04,Approved
LN0292,Rodney Perry,24,Male,277501,Salaried,718,427448,Personal,2024-12-07,Rejected
LN0293,Elizabeth Patterson,47,Female,497315,Salaried,686,837785,Business,2024-05-04,Approved
LN0294,Amanda Price,55,Male,372640,Self-employed,421,424286,Home Improvement,2024-01-28,Rejected
LN0295,Victoria Shea,29,Male,467686,Salaried,323,675712,Medical,2024-01-27,Rejected
LN0296,Krystal Romero,55,Female,308886,Salaried,535,569070,Medical,2024-06-29,Rejected
LN0297,Omar Patel,38,Male,488861,Self-employed,415,117564,Medical,2025-07-05,Rejected
LN0298,Christopher Freeman,22,Male,138046,Salaried,334,986254,Home Improvement,2024-01-30,Rejected
LN0299,Meghan Hamilton,24,Male,418256,Salaried,749,541445,Home Improvement,2024-04-27,Approved
LN0300,Bryan Knox,24,Male,294186,Unemployed,539,1760827,Home Improvement,2024-07-27,Rejected
LN0301,Robert Anderson,59,Female,154205,Salaried,446,1434565,Home Improvement,2023-07-30,Approved
LN0302,Charles Taylor,40,Female,61959,Salaried,479,1362802,Medical,2025-01-31,Rejected
LN0303,Emily Duncan,24,Female,367282,Self-employed,837,718434,Medical,2023-12-13,Approved
LN0304,Luke Brown,40,Female,126405,Self-employed,784,555346,Personal,2024-02-12,Approved
LN0305,Kelly Rodriguez,30,Female,60211,Salaried,726,1218715,Home Improvement,2023-09-02,Approved
LN0306,Holly Woods MD,36,Female,136607,Salaried,380,1984048,Medical,2024-04-14,Rejected
LN0307,Danny Nguyen,26,Male,57020,Salaried,340,1882114,Business,2023-10-24,Approved
LN0308,Karina Chambers,58,Male,281340,Salaried,640,685831,Business,2024-08-15,Approved
LN0309,William Barber,33,Male,421579,Unemployed,790,1967722,Personal,2025-04-16,Rejected
LN0310,Ashley Black,34,Female,155478,Salaried,589,848305,Medical,2024-03-04,Rejected
LN0311,Michael Fletcher,43,Female,167133,Salaried,809,1027281,Business,2024-02-07,Rejected
LN0312,Amanda Johnson,51,Female,136497,Salaried,723,145872,Home Improvement,2024-12-26,Rejected
LN0313,Matthew Brown,30,Male,166720,Salaried,727,669063,Personal,2025-01-23,Approved
LN0314,Michelle Rasmussen,35,Female,328733,Self-employed,811,1204781,Education,2025-06-21,Approved
LN0315,Drew Collins,52,Female,271607,Salaried,660,404975,Personal,2023-11-04,Rejected
LN0316,Steven Miller,52,Male,496283,Salaried,360,1148791,Business,2024-11-08,Rejected
LN0317,Chad Williams,25,Male,430733,Salaried,440,1816944,Personal,2024-11-29,Approved
LN0318,Tiffany Lucas,30,Male,144672,Salaried,682,176773,Home Improvement,2025-06-11,Approved
LN0319,Lauren Clark,60,Female,375654,Salaried,306,1166130,Home Improvement,2024-01-28,Rejected
LN0320,Vanessa Young,22,Female,310881,Unemployed,317,1103223,Medical,2025-04-29,Rejected
LN0321,Jennifer Montoya,32,Male,80496,Salaried,546,452510,Home Improvement,2023-07-29,Rejected
LN0322,Christina Munoz,43,Female,446775,Salaried,682,901501,Medical,2024-04-15,Approved
LN0323,Shannon Gross,35,Female,388634,Self-employed,382,1420983,Business,2024-08-01,Approved
LN0324,Pamela Wolf,45,Female,319774,Salaried,309,1523973,Personal,2024-06-26,Approved
LN0325,Jessica Allison,48,Female,326671,Unemployed,397,1926513,Home Improvement,2024-11-04,Rejected
LN0326,Robert Pace,35,Male,485143,Self-employed,786,618527,Business,2025-06-07,Rejected
LN0327,Hector Small,38,Male,124033,Unemployed,622,82837,Personal,2023-07-30,Rejected
LN0328,Tammy Gonzales,46,Male,186907,Salaried,546,1238447,Medical,2024-01-04,Rejected
LN0329,Rebecca Jackson,55,Female,231245,Self-employed,443,1707794,Business,2024-09-14,Rejected
LN0330,Carl Grimes,43,Male,81215,Salaried,377,764274,Home Improvement,2024-11-24,Rejected
LN0331,Jennifer Fisher,59,Female,435565,Salaried,579,1693219,Medical,2024-09-11,Rejected
LN0332,Gina Rogers,43,Female,256412,Salaried,689,229713,Home Improvement,2024-07-03,Approved
LN0333,Sara Wu,36,Male,73011,Salaried,689,1542495,Personal,2024-02-24,Rejected
LN0334,Kevin Wheeler,41,Female,85863,Salaried,615,982678,Education,2024-06-06,Rejected
LN0335,Rachel Barber,27,Male,75768,Salaried,759,1218082,Home Improvement,2024-05-12,Approved
LN0336,Natasha Herring,27,Male,76986,Salaried,395,1301841,Home Improvement,2024-09-06,Rejected
LN0337,Robin Salazar,45,Male,183012,Salaried,386,1570107,Home Improvement,2024-10-03,Rejected
LN0338,Eric King,36,Male,389302,Salaried,442,613963,Education,2024-06-01,Approved
LN0339,Jodi Hale,30,Male,117664,Salaried,731,678626,Medical,2024-12-31,Rejected
LN0340,Martin Townsend,44,Female,159284,Self-employed,807,1295302,Home Improvement,2023-11-13,Approved
LN0341,Veronica Bond,27,Male,189728,Salaried,705,746709,Home Improvement,2025-06-28,Approved
LN0342,David Chan,42,Female,205498,Salaried,439,680058,Education,2024-12-19,Rejected
LN0343,Jennifer Wilson,33,Female,194722,Salaried,707,719280,Education,2024-06-29,Rejected
LN0344,Jennifer Carson,52,Male,200858,Salaried,702,815493,Business,2024-10-02,Rejected
LN0345,Janet Guzman,33,Male,387413,Self-employed,327,1575076,Medical,2024-09-22,Rejected
LN0346,Cynthia Jones,34,Female,448216,Salaried,370,1767495,Medical,2024-09-03,Rejected
LN0347,Ashley Frey,29,Female,156888,Salaried,457,1549959,Medical,2025-06-01,Rejected
LN0348,William Payne,25,Female,343489,Salaried,710,1170649,Home Improvement,2023-12-03,Rejected
LN0349,Lori Clark,47,Male,444565,Unemployed,849,1295330,Business,2024-12-28,Approved
LN0350,Ashley Becker,36,Female,117209,Self-employed,345,1231158,Medical,2025-05-24,Rejected
LN0351,Joseph James,42,Female,85545,Salaried,564,515570,Home Improvement,2024-10-01,Rejected
LN0352,Stephen Powers,56,Male,263716,Salaried,774,1669719,Home Improvement,2024-04-29,Approved
LN0353,Cory Hernandez,30,Female,42877,Salaried,602,922363,Business,2023-11-08,Approved
LN0354,Jessica Mcintosh,30,Female,193520,Salaried,511,1142857,Medical,2025-04-28,Rejected
LN0355,Matthew Bernard,27,Female,408532,Self-employed,626,190874,Education,2023-10-10,Approved
LN0356,Ryan Ford,28,Male,475214,Salaried,411,1470064,Personal,2024-08-08,Rejected
LN0357,Nicholas Long,36,Male,319359,Salaried,736,1018997,Personal,2023-10-20,Rejected
LN0358,Jason Alvarez,32,Male,365795,Self-employed,705,111220,Home Improvement,2024-02-17,Rejected
LN0359,Kevin Kirk,49,Female,233861,Salaried,519,481561,Education,2024-01-17,Rejected
LN0360,Donald Meadows,25,Male,449169,Self-employed,491,817123,Education,2025-03-01,Approved
LN0361,Michael Thomas,28,Female,381640,Self-employed,840,1390307,Education,2025-01-28,Approved
LN0362,Samantha Macias,60,Female,337759,Salaried,660,1823179,Medical,2025-05-05,Approved
LN0363,Jesse Wilson,40,Male,382379,Salaried,420,550323,Education,2025-01-05,Approved
LN0364,Sharon Barton,44,Male,297819,Salaried,441,1255455,Medical,2024-09-28,Rejected
LN0365,Sean Holland,52,Male,320934,Salaried,595,344223,Personal,2024-07-18,Rejected
LN0366,Rachel Stephens DVM,49,Male,483782,Salaried,309,1066298,Personal,2023-09-11,Approved
LN0367,Jerry Cook,45,Female,244504,Self-employed,725,1539276,Medical,2024-02-16,Approved
LN0368,Natasha Golden,26,Male,447270,Self-employed,599,118566,Education,2024-03-23,Approved
LN0369,Rick Parker,39,Male,439332,Salaried,807,1202859,Home Improvement,2024-12-03,Approved
LN0370,Harold Wade,28,Female,436382,Salaried,675,1186747,Business,2023-11-29,Rejected
LN0371,Sheena Baldwin,49,Male,252903,Salaried,553,674340,Business,2025-06-02,Rejected
LN0372,Leonard Morales,43,Male,260199,Self-employed,420,1676617,Personal,2023-10-02,Approved
LN0373,Christine Waller,58,Female,481437,Self-employed,738,398088,Home Improvement,2024-04-29,Approved
LN0374,Bradley Brown,34,Male,452282,Salaried,659,1166273,Education,2024-01-17,Approved
LN0375,Dawn Johnson,31,Female,399126,Salaried,573,1849391,Home Improvement,2025-05-15,Rejected
LN0376,Tiffany Lopez,27,Male,423265,Self-employed,360,631589,Personal,2024-11-09,Rejected
LN0377,Laura Davis,29,Male,106673,Self-employed,553,1646925,Medical,2024-06-16,Rejected
LN0378,Shawn Mitchell,57,Female,359154,Salaried,762,208369,Business,2025-05-17,Approved
LN0379,Erin Kirby,38,Female,268391,Unemployed,635,1270449,Business,2023-08-18,Rejected
LN0380,Peter Ray,26,Female,362839,Self-employed,666,1832802,Business,2024-02-27,Rejected
LN0381,Benjamin Brock,46,Male,255256,Self-employed,806,613162,Education,2024-02-16,Rejected
LN0382,Kathleen White,42,Male,326821,Self-employed,651,1925178,Business,2024-02-18,Approved
LN0383,Brandon Williams,50,Male,95136,Unemployed,461,975443,Medical,2024-12-21,Approved
LN0384,Shannon Schneider,48,Male,391020,Unemployed,609,383399,Education,2024-07-17,Approved
LN0385,Cheryl Brock,44,Female,73212,Salaried,469,158605,Medical,2023-08-29,Rejected
LN0386,Cameron Thompson,35,Female,373663,Salaried,397,52278,Personal,2025-02-22,Rejected
LN0387,John Gregory,29,Male,302338,Self-employed,309,66908,Education,2024-08-09,Rejected
LN0388,Carol Kelley,48,Male,280452,Salaried,692,237340,Business,2025-03-03,Approved
LN0389,Ernest Rogers,44,Female,101895,Salaried,436,1395482,Personal,2023-10-02,Approved
LN0390,Sarah Farmer,57,Male,349983,Self-employed,750,786494,Personal,2023-10-24,Approved
LN0391,Jonathon Ashley,30,Female,353001,Self-employed,522,231797,Business,2024-08-17,Approved
LN0392,Kristin Rice,28,Female,214305,Unemployed,622,1709008,Personal,2025-06-11,Approved
LN0393,Gary Lam,26,Male,320139,Self-employed,591,1683617,Business,2024-05-03,Rejected
LN0394,Timothy Collins,40,Male,301449,Self-employed,493,1618341,Medical,2025-02-07,Approved
LN0395,Samantha Atkinson,24,Male,289463,Salaried,546,1097700,Home Improvement,2024-10-30,Approved
LN0396,Breanna Rivera,21,Female,195922,Salaried,730,816325,Home Improvement,2024-07-23,Approved
LN0397,Donna Lindsey,51,Male,38750,Salaried,314,599842,Personal,2023-08-05,Approved
LN0398,Barbara Ochoa,24,Female,295609,Salaried,813,1658746,Medical,2024-10-24,Approved
LN0399,April Armstrong,46,Male,365826,Salaried,456,631892,Business,2023-08-01,Rejected
LN0400,Sarah Castillo,53,Male,453656,Salaried,634,869423,Home Improvement,2025-04-25,Approved
LN0401,Michael Steele,25,Female,396307,Salaried,544,171437,Personal,2025-02-23,Approved
LN0402,Cheryl Williamson,48,Male,267697,Self-employed,356,698628,Personal,2024-09-19,Approved
LN0403,Matthew Jimenez,29,Male,115895,Salaried,655,1146821,Home Improvement,2024-03-30,Rejected
LN0404,Katherine Shelton,37,Male,224966,Salaried,575,1587077,Business,2025-05-04,Rejected
LN0405,Bobby Scott,22,Female,453156,Salaried,836,183949,Education,2024-03-04,Rejected
LN0406,Mary Patton,57,Male,290124,Salaried,668,166264,Medical,2024-02-24,Rejected
LN0407,Paige Hamilton,31,Female,112475,Salaried,405,1925416,Home Improvement,2024-11-03,Rejected
LN0408,Lori Morris,28,Male,418382,Salaried,345,1850801,Business,2024-11-12,Approved
LN0409,Carla Webb,51,Female,230791,Unemployed,483,1848276,Business,2024-06-08,Rejected
LN0410,Jennifer Lawrence,47,Male,198716,Salaried,627,618869,Business,2024-07-02,Approved
LN0411,Leonard York,28,Male,124028,Salaried,828,146319,Medical,2024-12-11,Approved
LN0412,Cynthia Shaw,50,Female,435551,Self-employed,635,231163,Home Improvement,2024-02-04,Approved
LN0413,Jaime Barnes,44,Male,182879,Salaried,611,1601003,Home Improvement,2025-01-19,Approved
LN0414,Matthew Carroll,44,Female,435071,Self-employed,551,365760,Business,2024-04-15,Rejected
LN0415,April Nixon,22,Male,313925,Salaried,309,752582,Business,2024-12-10,Rejected
LN0416,Francisco Robinson,45,Female,84499,Salaried,543,930417,Medical,2023-09-01,Rejected
LN0417,Christina Foster,30,Female,78772,Salaried,537,1931748,Home Improvement,2023-10-06,Rejected
LN0418,Joyce Hanson,44,Female,422114,Salaried,397,1109958,Personal,2025-03-17,Rejected
LN0419,Melissa Garcia,46,Male,340323,Salaried,745,1439245,Personal,2025-03-19,Approved
LN0420,Keith Ramirez,37,Female,449858,Salaried,634,717015,Medical,2023-11-25,Approved
LN0421,Maria Gamble,25,Male,101361,Self-employed,411,375919,Business,2024-09-08,Approved
LN0422,Cheryl Arias,50,Female,243129,Salaried,666,1665513,Personal,2025-02-03,Approved
LN0423,Ryan Jackson,50,Female,476946,Salaried,461,1743653,Education,2025-05-29,Rejected
LN0424,Abigail Cruz,59,Male,142732,Self-employed,635,361057,Business,2024-02-14,Rejected
LN0425,Laura Parks,43,Female,299200,Salaried,606,595609,Personal,2024-05-01,Approved
LN0426,Drew Wells,46,Female,321479,Self-employed,555,248653,Medical,2025-06-26,Approved
LN0427,Casey Garrison,29,Male,36268,Salaried,527,324129,Personal,2023-07-17,Rejected
LN0428,Brooke Ortiz,44,Male,335305,Salaried,376,95718,Business,2025-06-20,Approved
LN0429,Daniel Krause Jr.,49,Male,78223,Unemployed,639,306959,Business,2024-11-24,Rejected
LN0430,Vicki Gamble,24,Male,330880,Salaried,704,1090452,Business,2024-11-12,Approved
LN0431,Jennifer Cooper,48,Male,215568,Salaried,491,626678,Education,2024-02-11,Rejected
LN0432,Michele Clark,30,Male,351968,Self-employed,551,1407441,Education,2024-05-14,Rejected
LN0433,Christopher Hughes,56,Female,61970,Salaried,692,337804,Medical,2024-01-10,Approved
LN0434,Beth Fischer,54,Male,360696,Unemployed,319,852156,Education,2023-10-21,Rejected
LN0435,Melissa White,52,Female,326564,Salaried,697,617144,Personal,2025-06-15,Approved
LN0436,Jonathan Brown,59,Male,45363,Self-employed,587,172874,Medical,2023-12-18,Rejected
LN0437,Lindsey Bailey,58,Male,113689,Salaried,546,608947,Home Improvement,2024-07-17,Rejected
LN0438,Ryan Harvey,24,Male,331828,Self-employed,697,794079,Personal,2024-02-22,Approved
LN0439,Jeanne Mcfarland,58,Female,452686,Self-employed,667,1966754,Home Improvement,2023-10-19,Approved
LN0440,Ashley Braun,43,Male,325231,Unemployed,804,1186917,Education,2024-07-28,Approved
LN0441,Matthew Cunningham,23,Male,59448,Salaried,524,91792,Home Improvement,2024-12-18,Rejected
LN0442,Derrick Lam,42,Male,452809,Salaried,481,1976822,Education,2024-01-13,Approved
LN0443,Marie Cline,30,Male,435991,Salaried,838,1854954,Education,2024-06-06,Rejected
LN0444,Heather Miller,44,Female,337241,Salaried,609,726547,Personal,2023-11-02,Rejected
LN0445,Laura Cain,48,Female,370357,Salaried,665,518162,Home Improvement,2023-12-06,Rejected
LN0446,Devon Cameron,45,Female,414824,Self-employed,430,422681,Business,2024-02-18,Rejected
LN0447,Melissa Hamilton,57,Female,476041,Unemployed,333,431853,Home Improvement,2025-01-11,Rejected
LN0448,Timothy Marshall,60,Male,365359,Salaried,808,344950,Education,2024-12-16,Rejected
LN0449,Kristen Roberson,36,Female,197519,Salaried,390,1773149,Education,2024-01-13,Rejected
LN0450,Martin Wise,37,Male,160831,Self-employed,658,588250,Business,2024-11-06,Rejected
LN0451,Jennifer Roberts,24,Female,259753,Self-employed,470,1905039,Medical,2025-03-25,Rejected
LN0452,Robert Foster,45,Female,316273,Salaried,790,1704086,Home Improvement,2024-12-05,Approved
LN0453,Robert Edwards,35,Male,266604,Salaried,334,668468,Business,2025-06-16,Rejected
LN0454,Timothy Eaton,27,Male,209205,Salaried,684,387441,Business,2023-07-24,Approved
LN0455,Lawrence Cooper,26,Female,341443,Unemployed,794,1527453,Business,2024-07-06,Rejected
LN0456,Travis Wallace,31,Female,112367,Salaried,639,481070,Personal,2023-08-09,Approved
LN0457,Ms. Stacey Reed,56,Female,376343,Salaried,543,251150,Business,2023-09-21,Rejected
LN0458,Kathy Reid,56,Female,110525,Salaried,303,946754,Business,2024-04-01,Approved
LN0459,Amanda Arellano,59,Female,134687,Salaried,511,408261,Education,2025-05-31,Rejected
LN0460,Sherri Moore,51,Male,191665,Self-employed,782,1075710,Education,2025-02-10,Approved
LN0461,William Perez,55,Female,126931,Salaried,690,824691,Personal,2025-04-01,Approved
LN0462,Cynthia Neal,37,Female,273824,Salaried,575,1233310,Business,2023-10-25,Approved
LN0463,Douglas Gross,27,Male,380298,Salaried,723,1636405,Home Improvement,2023-09-26,Approved
LN0464,Eric Lee,24,Female,459080,Salaried,848,1490885,Medical,2023-12-17,Approved
LN0465,Jason Price,36,Female,186684,Salaried,335,1102983,Home Improvement,2024-03-17,Rejected
LN0466,William Myers,57,Male,93062,Unemployed,759,412553,Personal,2025-05-22,Rejected
LN0467,Jeremy Hernandez,33,Male,52374,Salaried,745,473455,Personal,2024-03-23,Rejected
LN0468,Travis Wagner,37,Female,411211,Unemployed,368,232509,Medical,2024-01-25,Rejected
LN0469,Kimberly Clark,56,Female,479117,Salaried,769,1973427,Business,2024-10-25,Rejected
LN0470,Mark Santiago,60,Female,88992,Salaried,451,1238233,Home Improvement,2023-10-02,Rejected
LN0471,Jacob Cooke,27,Male,325008,Self-employed,592,1869227,Home Improvement,2023-09-16,Rejected
LN0472,Kayla Eaton,47,Female,230825,Self-employed,784,128571,Personal,2023-07-25,Approved
LN0473,Melissa Newman,30,Female,50333,Salaried,639,1498112,Personal,2024-03-28,Approved
LN0474,Monica Miller,51,Female,225266,Salaried,610,702107,Education,2023-08-10,Rejected
LN0475,Andrew Wheeler,27,Male,100456,Salaried,753,1673260,Education,2024-02-24,Approved
LN0476,Nathan Wyatt,47,Male,128532,Salaried,716,1603873,Medical,2024-08-05,Rejected
LN0477,Andrew Robertson,44,Male,300149,Self-employed,367,702472,Home Improvement,2023-12-25,Rejected
LN0478,Aaron White,54,Male,121088,Salaried,505,1805267,Business,2024-03-26,Approved
LN0479,Mark Cole,50,Male,218940,Self-employed,580,822489,Medical,2024-11-18,Rejected
LN0480,Kathryn Howard,28,Male,156845,Salaried,756,422419,Medical,2025-05-10,Approved
LN0481,Jared Norris,43,Female,115728,Self-employed,564,1620685,Business,2024-05-18,Approved
LN0482,Jennifer Kirby,45,Male,115410,Self-employed,519,1847492,Personal,2024-11-30,Rejected
LN0483,Scott Martinez,34,Female,371619,Salaried,320,1863260,Business,2025-01-26,Rejected
LN0484,Leah Williamson,29,Male,345171,Self-employed,529,579301,Home Improvement,2024-03-06,Rejected
LN0485,Jill Hobbs,40,Female,252196,Self-employed,657,1012588,Education,2024-10-25,Approved
LN0486,Miguel Watson,40,Female,336439,Salaried,823,1439060,Education,2024-08-27,Approved
LN0487,Maurice Velazquez,59,Female,186487,Self-employed,793,183876,Education,2024-08-20,Rejected
LN0488,Kayla Collins,41,Female,166916,Self-employed,605,445019,Personal,2024-04-03,Approved
LN0489,Jonathan Taylor,36,Male,452277,Self-employed,713,1435232,Education,2023-09-02,Approved
LN0490,Kyle Myers,22,Female,184981,Salaried,728,898505,Medical,2023-09-01,Rejected
LN0491,Natalie Jones,58,Male,209918,Self-employed,527,1489313,Home Improvement,2023-12-17,Rejected
LN0492,Kathleen Keller,51,Female,295979,Salaried,474,1812947,Home Improvement,2023-12-29,Approved
LN0493,Jeffrey Booth,27,Female,97079,Self-employed,487,1475460,Education,2023-07-14,Rejected
LN0494,Lance Hall,35,Female,147088,Self-employed,614,931794,Education,2024-07-05,Approved
LN0495,Julie Golden,58,Female,273144,Self-employed,781,162568,Home Improvement,2024-01-28,Approved
LN0496,Donald Stafford,60,Male,277579,Self-employed,812,301272,Medical,2025-02-24,Approved
LN0497,Dana Hester,47,Male,486575,Self-employed,440,470052,Education,2023-08-08,Rejected
LN0498,Danielle Patel,57,Female,105090,Salaried,484,1683558,Business,2025-02-16,Rejected
LN0499,Annette Larson,32,Female,362660,Salaried,762,623629,Personal,2023-07-22,Rejected
LN0500,Anthony Collins,31,Male,286679,Self-employed,390,321383,Home Improvement,2023-10-11,Rejected
LN0501,Michael Henry,48,Female,254932,Unemployed,692,59791,Business,2024-02-03,Rejected
LN0502,Kelly Davis,44,Male,497668,Salaried,843,449668,Business,2025-02-09,Approved
LN0503,Stacey Smith,36,Male,393606,Self-employed,619,320387,Business,2024-07-03,Approved
LN0504,Kevin Rice,58,Female,117566,Salaried,346,675375,Education,2025-03-27,Rejected
LN0505,Benjamin Gray,54,Female,257365,Self-employed,437,768762,Medical,2023-12-15,Rejected
LN0506,Katelyn Gay,33,Male,455726,Salaried,533,520435,Personal,2023-07-27,Approved
LN0507,Tammy Cruz,22,Male,94572,Salaried,338,836835,Education,2024-04-07,Rejected
LN0508,Stephen Gray,60,Male,341387,Unemployed,410,1420630,Business,2024-11-18,Approved
LN0509,Lucas Solomon,28,Female,262948,Salaried,558,1044881,Personal,2025-06-22,Approved
LN0510,Jared Lewis,21,Female,250657,Self-employed,832,616183,Home Improvement,2024-10-16,Approved
LN0511,Kelly Oliver,29,Female,465501,Self-employed,823,1557362,Home Improvement,2024-10-23,Approved
LN0512,Tom Cantu,28,Male,290958,Salaried,504,1681498,Education,2025-01-10,Rejected
LN0513,Wendy Meza,33,Female,398803,Salaried,464,132639,Home Improvement,2024-05-24,Rejected
LN0514,Lisa Richardson,34,Female,203331,Salaried,313,1458516,Business,2024-02-21,Rejected
LN0515,Joshua Velasquez,57,Female,108194,Unemployed,823,207387,Business,2023-07-25,Rejected
LN0516,Roger Reyes,35,Female,185200,Salaried,351,259314,Personal,2024-04-12,Rejected
LN0517,Dillon Higgins,39,Female,450267,Self-employed,736,1598831,Business,2025-02-27,Approved
LN0518,Heather Nelson,23,Male,476692,Salaried,474,739251,Education,2024-09-27,Rejected
LN0519,Nicole Perez,60,Female,490574,Self-employed,681,1759103,Education,2024-12-14,Approved
LN0520,William Dalton,46,Female,269357,Salaried,694,1496830,Medical,2025-05-06,Rejected
LN0521,Michael Patterson,31,Male,99474,Self-employed,360,1820729,Personal,2024-05-05,Approved
LN0522,John Morris,58,Female,450617,Salaried,748,430130,Home Improvement,2024-09-21,Approved
LN0523,Jessica Bruce,43,Male,482238,Self-employed,433,1063091,Medical,2024-05-14,Approved
LN0524,Charles White,47,Female,54102,Salaried,621,75921,Home Improvement,2024-07-28,Rejected
LN0525,Elizabeth Morgan,57,Male,381191,Self-employed,831,1147026,Home Improvement,2024-02-20,Approved
LN0526,Kyle Friedman,36,Female,211272,Self-employed,694,361750,Home Improvement,2025-02-20,Rejected
LN0527,Matthew Perry,60,Male,36105,Self-employed,460,1110252,Medical,2025-01-27,Rejected
LN0528,Jessica Wong,31,Male,423965,Salaried,546,743936,Education,2025-01-24,Approved
LN0529,Jamie Shelton,35,Female,241433,Self-employed,380,1012791,Medical,2024-05-25,Rejected
LN0530,Ms. Shelia Huffman PhD,49,Male,479099,Salaried,623,298946,Medical,2024-10-05,Rejected
LN0531,Andrew Williams,22,Male,241518,Salaried,300,1782056,Business,2024-12-31,Rejected
LN0532,Erin Berger,60,Female,496674,Salaried,511,1422787,Medical,2024-08-04,Rejected
LN0533,James Sherman,44,Male,458127,Salaried,765,746197,Home Improvement,2023-12-11,Rejected
LN0534,Leonard Ford,59,Female,405735,Self-employed,763,289124,Business,2024-08-27,Rejected
LN0535,Denise Randolph,35,Male,208969,Salaried,598,1198590,Home Improvement,2023-10-27,Rejected
LN0536,Patricia Roth,27,Male,116064,Salaried,719,274314,Education,2025-04-09,Approved
LN0537,James Norton,33,Male,476795,Salaried,768,1779215,Personal,2023-11-07,Rejected
LN0538,Elizabeth Foster,27,Female,54379,Unemployed,426,1669305,Medical,2025-05-22,Rejected
LN0539,Brian Smith,58,Male,291529,Salaried,349,1210199,Medical,2025-01-06,Rejected
LN0540,Lisa Cobb,51,Male,392711,Salaried,431,267168,Medical,2024-08-29,Rejected
LN0541,Victoria Marks,59,Female,294298,Self-employed,728,1327152,Personal,2024-08-15,Approved
LN0542,David Wilson,42,Female,267421,Self-employed,441,915589,Home Improvement,2023-12-06,Rejected
LN0543,David White,53,Female,472013,Self-employed,621,1542908,Home Improvement,2024-04-29,Approved
LN0544,Megan Ballard,33,Male,357243,Self-employed,653,1981879,Personal,2024-12-27,Rejected
LN0545,Kathleen Williams,32,Female,402429,Salaried,660,1229187,Medical,2024-01-18,Approved
LN0546,Ryan Cox,47,Female,490050,Self-employed,313,1146244,Business,2025-06-22,Approved
LN0547,Michael Burke,30,Male,381406,Salaried,573,1623252,Personal,2023-09-26,Rejected
LN0548,Jessica Johnson,37,Male,470077,Salaried,602,477820,Home Improvement,2023-08-22,Approved
LN0549,Kendra Holmes,49,Male,353018,Self-employed,529,1606952,Home Improvement,2024-05-07,Rejected
LN0550,Samantha Gilbert,53,Female,393298,Self-employed,690,862761,Medical,2024-06-03,Rejected
LN0551,Travis Hunt,41,Male,36797,Self-employed,507,1351412,Medical,2023-08-11,Rejected
LN0552,Douglas Manning,44,Male,436924,Self-employed,498,666935,Medical,2025-03-01,Approved
LN0553,Lee Fleming,25,Male,121118,Self-employed,422,841042,Business,2023-09-17,Rejected
LN0554,Mark Mejia,56,Female,98192,Salaried,561,61838,Education,2023-10-17,Rejected
LN0555,Amy Soto,30,Male,110584,Unemployed,352,1672484,Home Improvement,2025-02-06,Rejected
LN0556,Charles Adams,40,Female,444139,Salaried,666,202842,Education,2025-01-11,Approved
LN0557,Mr. Nicholas Jones,32,Male,442225,Salaried,725,1188921,Home Improvement,2024-07-01,Approved
LN0558,Alexandra Hernandez,43,Male,493154,Salaried,639,744296,Education,2023-08-16,Approved
LN0559,Theresa Snyder,60,Female,324301,Self-employed,309,290589,Education,2024-01-08,Rejected
LN0560,Kathryn Nunez,60,Male,50907,Self-employed,628,849796,Business,2023-07-20,Approved
LN0561,Christopher Williamson,55,Female,42952,Unemployed,683,1128584,Home Improvement,2024-09-19,Rejected
LN0562,Matthew Mendoza,23,Female,371588,Salaried,826,222690,Business,2025-04-19,Approved
LN0563,Wendy Humphrey,55,Male,358693,Salaried,518,1863933,Medical,2025-05-20,Rejected
LN0564,Brian Johnson,34,Female,368984,Self-employed,373,1616343,Personal,2025-02-01,Approved
LN0565,Seth Wolfe,42,Male,75886,Salaried,482,1715589,Education,2025-05-26,Rejected
LN0566,Tiffany Moon,57,Male,165606,Salaried,761,1371661,Medical,2024-04-03,Approved
LN0567,Brandon Young,22,Female,383002,Salaried,306,1395160,Home Improvement,2023-07-17,Approved
LN0568,Deborah Matthews,58,Male,397464,Self-employed,666,1996257,Home Improvement,2024-07-10,Approved
LN0569,Madison Jordan,40,Male,177596,Self-employed,748,849882,Medical,2025-04-30,Rejected
LN0570,Michael Williams,22,Female,111958,Salaried,439,1616056,Medical,2024-02-06,Rejected
LN0571,James Keith,55,Female,362422,Salaried,682,73383,Home Improvement,2024-02-19,Rejected
LN0572,Jason Kennedy,30,Male,51901,Salaried,703,1176489,Home Improvement,2023-09-07,Rejected
LN0573,James Singh,40,Male,422322,Self-employed,652,494044,Medical,2024-07-17,Rejected
LN0574,Michael Grant,53,Male,114386,Salaried,558,457531,Business,2025-04-28,Approved
LN0575,David Sullivan,57,Male,476372,Self-employed,772,1401980,Home Improvement,2024-01-26,Approved
LN0576,Cynthia Smith,25,Female,81486,Salaried,798,743844,Education,2024-08-30,Approved
LN0577,Peggy Collins,36,Male,179493,Self-employed,498,716445,Medical,2025-05-21,Rejected
LN0578,Nicole Simpson,60,Female,393571,Salaried,673,1743869,Education,2023-11-16,Rejected
LN0579,Brittany Estrada,31,Male,194214,Salaried,526,1543589,Medical,2025-07-03,Approved
LN0580,Joe Carrillo,44,Male,386295,Self-employed,791,1020663,Medical,2024-01-09,Approved
LN0581,Angela Jenkins,40,Female,319234,Salaried,383,1815367,Education,2024-06-23,Rejected
LN0582,Brenda Fuller,29,Male,168010,Self-employed,378,1575521,Business,2023-09-22,Rejected
LN0583,Janice Brady,53,Male,456058,Salaried,714,1663129,Home Improvement,2024-08-19,Approved
LN0584,Luke Dickerson,23,Female,314934,Self-employed,783,1421344,Personal,2025-07-03,Approved
LN0585,Christy Santos,35,Female,100192,Salaried,822,239905,Medical,2024-06-26,Approved
LN0586,Albert Smith,21,Male,474586,Unemployed,469,1637976,Home Improvement,2024-03-19,Approved
LN0587,Jennifer Barron,31,Male,326934,Unemployed,449,1593335,Medical,2025-05-17,Rejected
LN0588,Austin Faulkner,23,Male,429230,Salaried,364,604397,Education,2025-06-28,Approved
LN0589,Anthony Morales,34,Female,233472,Salaried,765,1898748,Business,2025-01-04,Approved
LN0590,Alison Hopkins,41,Male,398960,Unemployed,580,1800854,Education,2025-03-14,Rejected
LN0591,Curtis Patrick,57,Male,227478,Self-employed,674,1282451,Business,2025-02-02,Approved
LN0592,Jason Hatfield,45,Male,300727,Salaried,653,1071022,Medical,2024-11-29,Rejected
LN0593,Robert Smith,21,Male,260633,Salaried,378,1129071,Education,2025-02-06,Approved
LN0594,Vickie Norris,32,Male,219909,Self-employed,421,1436447,Personal,2024-11-22,Rejected
LN0595,Jacob Davis,42,Male,282453,Self-employed,790,491878,Home Improvement,2024-04-19,Approved
LN0596,Yvette Collier,47,Male,157753,Salaried,464,332536,Home Improvement,2024-06-16,Approved
LN0597,Helen Moore,57,Male,59313,Salaried,484,1133474,Medical,2023-09-12,Rejected
LN0598,Amanda Nguyen,57,Male,490591,Self-employed,590,229827,Personal,2025-03-04,Rejected
LN0599,Angela Francis,51,Female,119426,Salaried,720,1310050,Personal,2025-04-21,Rejected
LN0600,Melissa Bowen,32,Female,117934,Self-employed,650,1984312,Medical,2024-08-26,Approved
LN0601,David Davis,25,Male,228291,Salaried,411,84734,Personal,2024-09-23,Rejected
LN0602,Jessica Franco,53,Female,463331,Salaried,398,422081,Medical,2024-09-04,Rejected
LN0603,Kristina Richards,59,Male,490195,Self-employed,815,1627861,Business,2024-10-15,Approved
LN0604,Jessica Morris,29,Male,436255,Self-employed,741,1144806,Medical,2024-09-11,Approved
LN0605,Andrea George,23,Female,150316,Unemployed,793,1705818,Medical,2024-06-08,Rejected
LN0606,David Moran,57,Male,253078,Salaried,788,1656122,Personal,2024-03-23,Rejected
LN0607,Elizabeth Ortega,26,Female,343677,Self-employed,718,590656,Personal,2025-01-07,Approved
LN0608,Kathryn Schroeder,21,Male,302504,Salaried,510,1492351,Education,2024-08-11,Rejected
LN0609,Laura Sanchez,27,Male,253384,Self-employed,559,597991,Home Improvement,2025-06-04,Rejected
LN0610,Jeffrey Clark,44,Female,386833,Salaried,508,916602,Home Improvement,2024-10-29,Rejected
LN0611,Dawn Burke,51,Male,224098,Salaried,795,582210,Education,2025-04-27,Approved
LN0612,Kirsten Page,46,Male,478265,Self-employed,421,1618280,Personal,2025-02-26,Rejected
LN0613,Anthony Bishop,31,Male,142437,Salaried,646,1729512,Home Improvement,2025-06-24,Approved
LN0614,Lori Ponce,24,Male,234002,Unemployed,305,1736884,Business,2024-05-10,Rejected
LN0615,Matthew Silva,51,Female,76211,Salaried,527,827697,Business,2024-03-29,Rejected
LN0616,Patricia Rojas,45,Female,351894,Self-employed,593,1542345,Home Improvement,2025-04-08,Approved
LN0617,Erin Cook,32,Female,260147,Salaried,830,649799,Personal,2024-02-20,Approved
LN0618,Adrienne Phillips,59,Male,352536,Salaried,336,804429,Personal,2025-01-17,Rejected
LN0619,Clifford Crane,31,Male,174670,Self-employed,661,1454383,Medical,2024-05-26,Approved
LN0620,Sharon Murphy,33,Male,416361,Self-employed,392,1202579,Education,2024-02-10,Rejected
LN0621,Jennifer Kennedy,56,Female,212177,Unemployed,583,524576,Home Improvement,2023-08-23,Rejected
LN0622,Kaitlyn Hernandez,50,Female,331416,Salaried,479,903823,Home Improvement,2024-06-06,Approved
LN0623,Scott Anthony,25,Female,208240,Unemployed,825,590422,Home Improvement,2025-05-06,Rejected
LN0624,Samuel Swanson,57,Female,393956,Salaried,686,1231050,Medical,2024-03-05,Rejected
LN0625,Nicole Anderson,42,Female,387351,Salaried,328,1060764,Business,2024-02-11,Approved
LN0626,Brianna Lucas,45,Male,384897,Self-employed,623,914919,Education,2023-11-05,Approved
LN0627,William Wood,21,Female,160158,Salaried,708,1462846,Education,2023-07-20,Approved
LN0628,Andrew Anderson,32,Female,194559,Salaried,575,433326,Personal,2023-12-02,Rejected
LN0629,Charles Wright,33,Male,415576,Salaried,571,483646,Personal,2025-06-24,Approved
LN0630,Nicole Banks,36,Female,111786,Self-employed,422,1979774,Business,2025-07-10,Rejected
LN0631,Lauren Irwin,52,Male,430684,Self-employed,343,1828407,Medical,2025-05-04,Rejected
LN0632,Brittany Rice,41,Female,491891,Self-employed,581,1079293,Personal,2024-01-10,Rejected
LN0633,Samuel Mcdonald,53,Female,238603,Salaried,431,163556,Home Improvement,2024-06-24,Rejected
LN0634,Hannah Moreno,51,Male,293441,Salaried,478,1008809,Business,2024-02-29,Rejected
LN0635,Timothy Patterson,50,Female,391344,Salaried,515,845718,Home Improvement,2024-08-25,Approved
LN0636,Bailey Johns,44,Female,128121,Salaried,542,614990,Medical,2023-08-03,Rejected
LN0637,John Lewis,42,Female,126423,Salaried,515,928901,Education,2024-08-02,Rejected
LN0638,Janet Davis,46,Female,266311,Salaried,434,1257734,Personal,2024-12-01,Rejected
LN0639,Zachary Davis,38,Male,321158,Salaried,690,461174,Personal,2024-07-27,Rejected
LN0640,Jennifer Brandt,30,Female,452402,Salaried,731,1097732,Personal,2024-01-06,Rejected
LN0641,David Ramirez,54,Female,441740,Salaried,556,1228889,Home Improvement,2024-01-14,Approved
LN0642,Alyssa Fernandez,27,Male,61476,Salaried,560,1049375,Business,2024-01-14,Rejected
LN0643,Kristin Howard,42,Female,219248,Salaried,563,771714,Business,2024-02-28,Rejected
LN0644,Carol Ramirez,43,Male,332437,Salaried,478,1686426,Education,2024-01-23,Rejected
LN0645,Patricia Hunt,53,Female,436189,Self-employed,380,849163,Home Improvement,2025-04-04,Approved
LN0646,Brian Morris,30,Male,365848,Self-employed,645,934613,Home Improvement,2024-04-26,Approved
LN0647,Jennifer Johnson,25,Male,114934,Salaried,621,714541,Education,2024-11-24,Rejected
LN0648,Robert Ellis,59,Female,172212,Self-employed,671,1618450,Home Improvement,2024-11-25,Approved
LN0649,James Atkinson,49,Female,117722,Salaried,323,312227,Personal,2024-02-05,Rejected
LN0650,Andrew Rivas,26,Male,117509,Salaried,397,183782,Medical,2023-08-09,Rejected
LN0651,Yesenia Horn,22,Female,304717,Self-employed,385,267953,Education,2025-01-09,Rejected
LN0652,Kim Mccarthy,26,Female,192199,Salaried,590,979374,Personal,2024-01-08,Approved
LN0653,Xavier Edwards,31,Male,48431,Self-employed,633,1862445,Medical,2024-03-14,Approved
LN0654,Cory Herrera,55,Female,317595,Salaried,481,1289062,Home Improvement,2023-07-21,Rejected
LN0655,Raymond Harvey,57,Female,304443,Self-employed,846,699406,Education,2023-12-16,Approved
LN0656,Maria Myers DDS,35,Male,261662,Salaried,722,594854,Personal,2023-11-15,Approved
LN0657,Brandon Griffith,21,Male,210294,Salaried,847,67442,Medical,2025-04-21,Rejected
LN0658,Harry Acosta,51,Female,34788,Self-employed,599,1302007,Personal,2024-10-06,Rejected
LN0659,Lisa Estrada,56,Female,128865,Salaried,747,877855,Personal,2025-07-03,Approved
LN0660,John Jackson,45,Female,145653,Salaried,732,1361397,Personal,2023-12-02,Approved
LN0661,Edgar Wilkerson,60,Female,179252,Self-employed,844,1746194,Education,2025-02-25,Approved
LN0662,Ray Pierce,25,Male,101630,Salaried,766,1345472,Medical,2025-05-20,Approved
LN0663,Joseph Allen,60,Female,128455,Salaried,455,154085,Home Improvement,2024-04-05,Approved
LN0664,Tricia Avila,27,Female,171135,Salaried,748,1574854,Business,2024-07-12,Approved
LN0665,Denise Dodson,30,Male,288777,Salaried,730,703423,Medical,2024-08-10,Rejected
LN0666,Bonnie Nichols,50,Male,203145,Salaried,449,167520,Education,2024-07-05,Rejected
LN0667,Robert Mcintosh,25,Female,125212,Salaried,556,1763898,Medical,2024-06-24,Rejected
LN0668,Laura Clark,28,Male,231744,Self-employed,753,568336,Business,2024-10-13,Approved
LN0669,John Turner,27,Male,277896,Salaried,619,727512,Personal,2023-07-16,Approved
LN0670,Nicole Obrien,23,Male,162808,Salaried,605,466753,Education,2024-11-21,Rejected
LN0671,Pamela Bailey,34,Male,153714,Self-employed,632,81599,Personal,2024-01-13,Rejected
LN0672,Omar West,58,Male,237517,Self-employed,309,138066,Home Improvement,2024-11-28,Rejected
LN0673,Angel King Jr.,51,Male,224719,Self-employed,554,380717,Medical,2024-02-14,Approved
LN0674,Dustin Oliver,60,Female,428228,Self-employed,361,795574,Personal,2024-12-26,Rejected
LN0675,Debra Velasquez,27,Male,285770,Salaried,655,1739309,Medical,2023-10-12,Rejected
LN0676,Gary Reed,22,Female,217782,Self-employed,556,1934633,Business,2023-11-26,Rejected
LN0677,Mrs. Jasmine Kidd,49,Female,314548,Self-employed,494,1238459,Personal,2025-07-09,Rejected
LN0678,Christopher Lawrence,41,Female,174349,Self-employed,464,194444,Home Improvement,2025-02-04,Approved
LN0679,Becky Lyons,39,Female,313957,Salaried,300,1677217,Home Improvement,2024-11-15,Rejected
LN0680,Erin Bruce,32,Male,354919,Self-employed,544,722544,Business,2025-02-05,Rejected
LN0681,Kristin Tanner,55,Female,129546,Salaried,809,1655860,Home Improvement,2023-12-07,Approved
LN0682,Jessica Rangel,39,Female,244855,Self-employed,413,251864,Home Improvement,2023-07-29,Rejected
LN0683,Danielle Smith,23,Male,123658,Self-employed,506,274510,Medical,2023-12-22,Approved
LN0684,Tiffany Reed,23,Female,374940,Salaried,562,152940,Education,2024-03-23,Approved
LN0685,Sarah Chapman,25,Male,139438,Self-employed,381,1031591,Business,2024-07-19,Rejected
LN0686,Terry Kelley,47,Female,446415,Self-employed,572,1159437,Business,2024-04-14,Rejected
LN0687,Krista Conrad,40,Male,143193,Unemployed,399,262284,Personal,2024-11-22,Rejected
LN0688,David Pierce,33,Male,305876,Self-employed,483,1221098,Home Improvement,2024-08-18,Rejected
LN0689,Jose Cooper,27,Female,383628,Salaried,737,1901416,Business,2024-01-20,Approved
LN0690,Judy Davis,32,Female,294604,Salaried,461,1169670,Home Improvement,2023-09-30,Rejected
LN0691,Ricky Johnson,43,Female,318401,Unemployed,632,1821787,Education,2025-05-17,Rejected
LN0692,Brandon Yu,48,Female,348983,Salaried,519,836564,Home Improvement,2023-08-24,Rejected
LN0693,Miranda Reynolds,37,Female,267189,Salaried,706,50410,Business,2023-07-29,Rejected
LN0694,Sean King,59,Male,301376,Salaried,609,63775,Education,2024-02-03,Rejected
LN0695,Tanner Carey,34,Female,41377,Self-employed,582,1977517,Home Improvement,2025-03-22,Rejected
LN0696,Adriana Watkins,57,Male,79433,Salaried,664,377380,Personal,2023-07-30,Approved
LN0697,Benjamin Jefferson,58,Male,152156,Salaried,607,242739,Home Improvement,2024-12-06,Approved
LN0698,John Wallace,34,Male,409364,Salaried,794,412602,Medical,2025-04-15,Rejected
LN0699,Paul Mcgee,57,Male,342072,Self-employed,338,1582576,Home Improvement,2025-05-19,Rejected
LN0700,Raymond Lewis,24,Female,212415,Self-employed,744,923509,Business,2024-02-22,Rejected
LN0701,Nicholas Miles,35,Male,362339,Self-employed,691,163514,Education,2024-01-30,Approved
LN0702,Cheyenne Hahn,41,Male,201353,Salaried,526,371278,Business,2025-05-07,Rejected
LN0703,Rachel Guzman MD,46,Female,424705,Salaried,816,238917,Personal,2024-06-12,Approved
LN0704,Tammy Thornton,46,Male,99305,Salaried,787,1248397,Business,2023-07-19,Approved
LN0705,Amanda Benson,37,Male,238942,Salaried,433,1648098,Personal,2024-10-19,Rejected
LN0706,Edward Ochoa,33,Female,237260,Self-employed,500,1226853,Home Improvement,2024-01-21,Rejected
LN0707,Dana Sutton,54,Male,157042,Salaried,740,728243,Home Improvement,2024-01-02,Approved
LN0708,Zachary Olsen,47,Female,221505,Salaried,628,772521,Home Improvement,2024-08-04,Approved
LN0709,Melissa Smith,40,Male,213352,Self-employed,752,1356907,Personal,2024-06-15,Approved
LN0710,Steven Perez,35,Male,389325,Salaried,387,285660,Business,2023-10-23,Approved
LN0711,Paul Jefferson,60,Male,485476,Self-employed,594,78800,Education,2023-10-13,Rejected
LN0712,Travis Evans,28,Female,265961,Salaried,639,488324,Home Improvement,2024-10-07,Approved
LN0713,John Vaughn,55,Female,317729,Salaried,444,1507669,Business,2024-11-27,Rejected
LN0714,Amy Potts,54,Male,163932,Salaried,590,470890,Home Improvement,2025-02-10,Approved
LN0715,Jennifer Wilson,50,Male,64916,Salaried,577,1440373,Education,2025-04-05,Rejected
LN0716,Hannah Hall,22,Female,484772,Self-employed,695,534795,Medical,2025-06-27,Approved
LN0717,Tami Alexander,27,Female,284102,Self-employed,844,234592,Personal,2024-12-09,Approved
LN0718,Tony Gonzalez,50,Male,50841,Salaried,842,689479,Education,2023-09-08,Approved
LN0719,Kelly Howard,31,Male,211812,Self-employed,663,1361204,Education,2025-03-31,Approved
LN0720,Angela Stanley,53,Female,455665,Salaried,563,1892719,Medical,2024-10-17,Rejected
LN0721,Theresa Harris,22,Female,148270,Salaried,702,1427685,Personal,2023-08-02,Approved
LN0722,Heidi Wood,45,Male,248802,Salaried,456,944361,Education,2024-01-26,Rejected
LN0723,Sarah Huerta DVM,42,Female,314286,Salaried,441,1268509,Home Improvement,2024-06-14,Rejected
LN0724,Kathleen Torres,33,Male,192004,Self-employed,836,1957491,Personal,2024-07-27,Approved
LN0725,Kevin Kent,30,Male,196459,Salaried,845,1558776,Business,2024-11-13,Approved
LN0726,Amanda Roberts,30,Male,431308,Salaried,723,912457,Education,2024-06-15,Approved
LN0727,Sara Terry,38,Male,438476,Salaried,434,437441,Business,2024-06-01,Rejected
LN0728,Carlos Vasquez,60,Female,347511,Salaried,536,1300659,Personal,2023-11-12,Approved
LN0729,Chris Collins,22,Female,71668,Self-employed,788,331200,Home Improvement,2024-04-28,Rejected
LN0730,Sierra Gibson,51,Female,126456,Self-employed,803,1043729,Personal,2023-09-27,Approved
LN0731,Michael Oneal,35,Male,244218,Self-employed,315,1990778,Education,2025-04-24,Rejected
LN0732,Jon Hodge,35,Male,427293,Salaried,481,1994276,Medical,2023-11-20,Rejected
LN0733,Nathan Fernandez,52,Female,484439,Salaried,552,946649,Medical,2025-05-20,Rejected
LN0734,Jeremy Fletcher,59,Female,407592,Salaried,849,1151488,Business,2024-06-23,Approved
LN0735,Gloria Watts,49,Female,463591,Self-employed,551,1137798,Home Improvement,2024-08-07,Rejected
LN0736,Dr. Anthony Charles,23,Female,300599,Self-employed,350,448145,Education,2023-09-10,Rejected
LN0737,Sarah Oliver,40,Female,271878,Salaried,601,1335835,Business,2024-02-20,Approved
LN0738,Adam Martinez,30,Female,465103,Self-employed,392,1565500,Home Improvement,2024-11-12,Approved
LN0739,Jill Cantrell,58,Male,236080,Salaried,761,102244,Personal,2025-01-07,Approved
LN0740,Jerry Rose,33,Female,77280,Salaried,467,1556540,Business,2025-03-25,Approved
LN0741,Kristin Young,49,Female,74725,Salaried,693,1574364,Home Improvement,2024-07-02,Approved
LN0742,Laura Keller,31,Female,318539,Salaried,474,1963132,Education,2025-03-30,Rejected
LN0743,Kimberly Nunez,30,Male,485511,Salaried,352,929926,Education,2025-02-24,Rejected
LN0744,Rita Lee,49,Female,358441,Salaried,434,475410,Business,2025-06-01,Rejected
LN0745,Emma Gomez,37,Male,270460,Salaried,810,1189804,Business,2024-01-26,Approved
LN0746,Justin Leblanc,52,Male,143704,Salaried,787,1001558,Medical,2024-10-01,Approved
LN0747,Curtis Dean,59,Male,158300,Self-employed,584,1349743,Home Improvement,2024-08-03,Rejected
LN0748,Megan Harper,34,Male,126909,Salaried,657,127009,Personal,2025-01-18,Rejected
LN0749,Chad Stephens,57,Female,203597,Unemployed,350,278353,Medical,2024-06-20,Rejected
LN0750,Rebecca Graves,31,Female,350387,Self-employed,481,1004912,Home Improvement,2023-09-12,Rejected
LN0751,Keith Harris,23,Male,432921,Salaried,677,1932256,Medical,2024-03-07,Rejected
LN0752,Timothy Lee,48,Male,183528,Salaried,424,1506722,Education,2024-10-08,Rejected
LN0753,Colleen Robinson,47,Male,394815,Salaried,359,279223,Home Improvement,2023-09-23,Rejected
LN0754,Mary Briggs,54,Male,283578,Self-employed,594,945596,Home Improvement,2024-06-26,Rejected
LN0755,Zachary Blackwell,37,Female,98007,Self-employed,808,1139902,Medical,2025-04-18,Approved
LN0756,Anthony Butler,32,Male,401503,Salaried,498,53315,Business,2024-06-08,Approved
LN0757,Veronica Hancock,28,Male,449201,Self-employed,724,918307,Business,2023-07-19,Approved
LN0758,John Hays,56,Male,35923,Self-employed,588,583552,Business,2023-12-26,Rejected
LN0759,Lori Tate,53,Female,432145,Salaried,641,765887,Medical,2024-11-15,Rejected
LN0760,James Russell,60,Male,466230,Salaried,638,1798658,Education,2025-06-17,Rejected
LN0761,Kelli Barr,51,Female,447990,Salaried,439,1059769,Personal,2024-01-23,Rejected
LN0762,Suzanne Johnston,55,Female,272467,Self-employed,723,1995716,Business,2023-09-28,Rejected
LN0763,Laura Johnson,40,Female,321072,Salaried,513,1260890,Education,2024-09-09,Rejected
LN0764,Jessica Smith,43,Male,108278,Salaried,331,761254,Medical,2023-12-05,Rejected
LN0765,Joshua Delgado,31,Female,128240,Salaried,615,1529050,Education,2023-08-06,Rejected
LN0766,Melinda Mahoney,38,Female,75507,Salaried,543,829267,Medical,2023-12-11,Rejected
LN0767,Christina Lopez,40,Male,305303,Salaried,414,834787,Business,2023-10-05,Rejected
LN0768,Brittany Trevino,26,Female,295286,Salaried,794,1947829,Home Improvement,2023-08-06,Approved
LN0769,Brandon Dixon,42,Female,414010,Self-employed,617,1676411,Education,2024-01-13,Approved
LN0770,Donald Santos,27,Male,137577,Self-employed,770,862831,Home Improvement,2023-08-20,Approved
LN0771,Robert Trevino,40,Male,390213,Self-employed,389,748959,Medical,2024-06-29,Rejected
LN0772,Angela Luna,27,Female,41786,Salaried,619,1389767,Personal,2024-06-13,Approved
LN0773,Mr. Bradley Holmes,33,Female,175044,Salaried,751,1457449,Business,2023-12-02,Approved
LN0774,Rhonda Wilson,31,Female,90010,Salaried,826,264696,Personal,2024-11-12,Approved
LN0775,Damon Anderson,56,Female,172109,Salaried,590,1253939,Personal,2024-10-27,Approved
LN0776,Rachel Baker,40,Female,313418,Salaried,433,110802,Medical,2025-03-15,Rejected
LN0777,Barbara Padilla,24,Male,231116,Salaried,736,871909,Personal,2023-10-30,Rejected
LN0778,Daniel Hodges,58,Female,353126,Salaried,640,1764300,Personal,2024-11-27,Rejected
LN0779,Natalie Crawford,55,Male,426226,Self-employed,434,244859,Medical,2024-05-15,Approved
LN0780,Eileen King,40,Female,276701,Salaried,529,351406,Home Improvement,2025-01-07,Approved
LN0781,James Carlson,44,Female,126129,Self-employed,638,1704188,Education,2023-10-20,Approved
LN0782,Hannah Jarvis,22,Male,279212,Salaried,790,1017293,Personal,2023-09-25,Approved
LN0783,Scott Drake,43,Male,296311,Salaried,409,733398,Home Improvement,2024-08-31,Rejected
LN0784,Matthew Bryant,40,Female,240143,Salaried,544,1352068,Personal,2024-07-13,Rejected
LN0785,Laura Huerta,51,Female,64634,Salaried,741,1694825,Medical,2024-09-22,Approved
LN0786,Gail Smith,42,Male,120746,Self-employed,379,1600565,Home Improvement,2024-10-07,Rejected
LN0787,Noah Herman,28,Female,200591,Salaried,755,419463,Education,2024-09-19,Rejected
LN0788,Kristina Smith,25,Male,389403,Self-employed,688,736624,Medical,2023-11-20,Approved
LN0789,Brittany Taylor,24,Male,144091,Self-employed,300,1637707,Personal,2023-07-26,Rejected
LN0790,Kimberly Perez,49,Female,234463,Self-employed,757,460342,Personal,2024-04-11,Approved
LN0791,Jason Carlson,41,Female,328989,Self-employed,611,1976237,Medical,2024-06-14,Rejected
LN0792,Kristin Gordon,43,Male,335516,Salaried,822,897663,Personal,2023-12-17,Rejected
LN0793,Corey Ballard,24,Female,317773,Unemployed,300,1525040,Home Improvement,2024-04-06,Rejected
LN0794,Stephanie Neal,43,Male,481541,Salaried,331,543336,Medical,2023-12-01,Rejected
LN0795,Robert Weaver,46,Female,403174,Salaried,690,962659,Home Improvement,2024-11-22,Approved
LN0796,Deborah Thomas,32,Female,102912,Salaried,693,1818586,Education,2023-09-20,Rejected
LN0797,Sean Hart,30,Female,487564,Self-employed,437,74332,Business,2023-12-24,Rejected
LN0798,Brittany Campbell,30,Female,374943,Salaried,439,227552,Personal,2025-07-09,Rejected
LN0799,Benjamin Phillips,47,Female,498494,Self-employed,735,1357046,Personal,2024-02-11,Approved
LN0800,Samuel Oliver,48,Female,231701,Salaried,490,940811,Home Improvement,2025-03-07,Approved
LN0801,Toni Johnson,52,Male,403361,Salaried,720,1993146,Home Improvement,2025-03-04,Approved
LN0802,Tanya Benitez,23,Male,327874,Salaried,677,287322,Home Improvement,2024-08-04,Approved
LN0803,Matthew Harrington,26,Male,412827,Self-employed,586,1025042,Home Improvement,2024-04-29,Approved
LN0804,Angela Frazier,60,Male,158571,Salaried,379,1484607,Home Improvement,2023-08-30,Rejected
LN0805,Douglas Reyes,40,Male,210117,Salaried,311,1033289,Medical,2024-02-21,Rejected
LN0806,David Gomez,51,Female,250733,Salaried,601,656514,Personal,2025-01-02,Approved
LN0807,Linda Cummings,59,Female,411142,Self-employed,566,178802,Medical,2024-05-19,Rejected
LN0808,Allison Cummings,57,Male,374100,Unemployed,327,651496,Medical,2024-03-21,Approved
LN0809,Lori Moran,53,Male,476402,Self-employed,558,327953,Home Improvement,2024-06-26,Approved
LN0810,Yolanda Cross,37,Male,418722,Salaried,478,1958684,Home Improvement,2023-08-28,Rejected
LN0811,Lynn Taylor,49,Female,453541,Salaried,541,1066947,Personal,2023-08-30,Rejected
LN0812,Roberto Owen,23,Female,74250,Unemployed,457,1806604,Medical,2024-04-12,Rejected
LN0813,Lauren Daniel,47,Female,154752,Self-employed,471,492198,Home Improvement,2023-08-12,Rejected
LN0814,Samantha Flores,43,Male,366729,Salaried,418,160149,Personal,2023-12-21,Rejected
LN0815,Andrea Santana,51,Female,279700,Self-employed,845,540023,Medical,2024-11-01,Approved
LN0816,Christopher Hatfield,45,Female,167691,Salaried,745,74878,Education,2024-03-23,Rejected
LN0817,Dawn James,49,Female,385725,Salaried,842,1482095,Business,2025-05-31,Approved
LN0818,William Graves,55,Female,472624,Salaried,579,752477,Education,2025-05-14,Approved
LN0819,Julia Davis,27,Female,373064,Salaried,772,1671415,Personal,2024-05-28,Rejected
LN0820,Aaron Greer,58,Male,302604,Salaried,484,706974,Home Improvement,2023-12-22,Approved
LN0821,Ryan Robbins,21,Male,36271,Salaried,837,267909,Medical,2024-07-28,Approved
LN0822,Robert Thomas,39,Female,131229,Salaried,394,169290,Home Improvement,2023-12-31,Rejected
LN0823,Sarah Gaines,34,Male,401235,Unemployed,388,1846086,Home Improvement,2025-06-06,Approved
LN0824,Justin Snyder,57,Male,499762,Salaried,488,581283,Education,2023-10-20,Rejected
LN0825,Kelsey Lawson,25,Female,174904,Self-employed,631,589673,Personal,2024-04-26,Rejected
LN0826,Michael Washington,38,Male,230696,Salaried,361,591565,Education,2025-05-15,Approved
LN0827,Anne Gonzalez,25,Female,135208,Self-employed,482,1403676,Medical,2023-11-04,Approved
LN0828,Ms. Amy Lara,55,Female,144497,Self-employed,408,1963880,Medical,2024-05-07,Rejected
LN0829,Jordan Larsen,27,Male,68230,Salaried,556,1679984,Medical,2023-09-27,Approved
LN0830,Brandon Griffith,52,Male,372289,Self-employed,338,1443779,Medical,2024-04-06,Approved
LN0831,Timothy Rodriguez,42,Female,331276,Salaried,802,1052731,Medical,2024-07-30,Approved
LN0832,Todd Flores,25,Male,31734,Salaried,793,304182,Home Improvement,2025-06-01,Approved
LN0833,Devon Jones,43,Female,387478,Salaried,356,1375971,Business,2024-05-06,Rejected
LN0834,Samantha Lewis,42,Male,471021,Salaried,596,1408519,Personal,2024-09-25,Approved
LN0835,Jeff Morgan,23,Female,376414,Salaried,699,1930014,Business,2023-12-19,Approved
LN0836,Richard Kennedy,43,Female,74492,Self-employed,748,1592086,Personal,2023-08-20,Approved
LN0837,Raymond Davis,33,Male,407350,Unemployed,544,1075995,Medical,2024-05-25,Approved
LN0838,Sara Rodriguez,55,Female,291978,Salaried,760,84431,Business,2024-08-28,Approved
LN0839,Joseph Lopez,42,Male,242602,Salaried,835,1011272,Home Improvement,2024-03-03,Approved
LN0840,Jacob Moore,58,Male,67766,Salaried,444,1075286,Business,2024-10-20,Rejected
LN0841,Andrea Wiggins,60,Male,157235,Self-employed,433,80126,Personal,2025-06-30,Rejected
LN0842,Helen Oliver,40,Male,269172,Self-employed,365,1765051,Business,2024-04-25,Approved
LN0843,Sarah Pruitt,59,Male,63087,Self-employed,736,757459,Medical,2025-05-01,Approved
LN0844,Stephanie Graham,57,Male,198605,Self-employed,518,1652702,Business,2025-05-29,Rejected
LN0845,Tommy Williams,42,Male,93305,Salaried,725,402428,Education,2024-04-05,Approved
LN0846,Tiffany Jackson,49,Male,335128,Salaried,402,1708956,Home Improvement,2025-03-27,Rejected
LN0847,Aaron Taylor,31,Male,491177,Salaried,306,65149,Personal,2024-04-07,Rejected
LN0848,Zoe Jennings,58,Female,248220,Self-employed,787,1501980,Personal,2023-12-29,Approved
LN0849,Daniel Griffith,38,Female,246023,Salaried,478,1330390,Business,2024-02-27,Rejected
LN0850,Todd Wheeler,52,Male,358829,Self-employed,608,779501,Medical,2024-02-14,Approved
LN0851,Dr. Casey Griffin,36,Male,91607,Unemployed,397,1347971,Education,2023-12-03,Rejected
LN0852,Monica Riley,55,Male,273382,Self-employed,513,629708,Business,2023-11-01,Approved
LN0853,John Butler,30,Female,290841,Salaried,344,163304,Education,2024-08-19,Approved
LN0854,Mr. Anthony Nunez DVM,48,Female,205266,Self-employed,764,140843,Business,2025-04-08,Rejected
LN0855,Michael Ramos,55,Male,112861,Self-employed,796,1129831,Business,2023-10-14,Approved
LN0856,Rebecca Smith,36,Female,340748,Salaried,729,466811,Education,2023-12-01,Approved
LN0857,Christian White,28,Female,149423,Salaried,722,1874283,Personal,2024-07-03,Approved
LN0858,Arthur Beck,35,Male,276934,Salaried,355,1917490,Medical,2025-01-26,Approved
LN0859,David Sandoval,60,Female,123355,Salaried,439,1009950,Personal,2025-02-01,Rejected
LN0860,Lori Peterson,38,Male,206103,Salaried,361,638469,Personal,2024-10-26,Approved
LN0861,Travis Oliver,50,Female,249269,Salaried,651,511066,Education,2024-01-24,Approved
LN0862,Logan Herrera,60,Male,333102,Unemployed,535,231349,Medical,2024-03-09,Rejected
LN0863,Donna Johnson,52,Male,340158,Salaried,773,635463,Business,2025-06-18,Rejected
LN0864,Eric Hubbard,36,Male,201597,Salaried,527,1920287,Home Improvement,2025-01-24,Rejected
LN0865,Robert Campbell,57,Male,249032,Unemployed,341,1037030,Home Improvement,2024-02-05,Approved
LN0866,Paul Mcneil,54,Female,281275,Self-employed,400,998838,Medical,2025-03-25,Approved
LN0867,Carl Kidd,56,Male,393415,Self-employed,523,328317,Education,2024-12-22,Approved
LN0868,Robert Dillon,26,Male,281544,Self-employed,465,1524936,Medical,2023-08-14,Rejected
LN0869,Jason Valentine,58,Male,268467,Salaried,441,1883328,Medical,2025-03-15,Approved
LN0870,Lawrence Lopez,44,Female,399047,Self-employed,372,857150,Education,2025-03-18,Rejected
LN0871,Jessica Morgan,39,Female,424730,Salaried,512,1701909,Business,2024-09-06,Rejected
LN0872,Robert Meza,42,Male,299870,Unemployed,672,1912224,Business,2025-06-19,Approved
LN0873,Jillian Gordon,44,Female,354604,Salaried,675,417562,Home Improvement,2025-07-08,Rejected
LN0874,Mr. John Moon,56,Male,102564,Unemployed,544,1181694,Business,2023-09-04,Rejected
LN0875,Taylor Elliott,58,Male,424879,Self-employed,530,722061,Education,2023-12-16,Rejected
LN0876,Barbara Hernandez,53,Female,175303,Salaried,681,773992,Medical,2023-10-30,Approved
LN0877,Christina Dawson,54,Male,276501,Self-employed,845,1936285,Education,2023-11-18,Approved
LN0878,Jennifer Perez,44,Male,128751,Self-employed,768,233099,Business,2023-09-13,Approved
LN0879,Shane Glenn,32,Female,70342,Salaried,582,284932,Personal,2023-12-30,Rejected
LN0880,Matthew Gonzalez,34,Male,183705,Salaried,435,1043850,Education,2024-05-05,Rejected
LN0881,Anthony Rivera,22,Female,129122,Salaried,537,1801011,Home Improvement,2023-09-10,Rejected
LN0882,Dr. Steven Lee,47,Female,373807,Self-employed,634,1069527,Home Improvement,2024-01-28,Approved
LN0883,Scott Lewis,54,Female,270127,Salaried,435,1933833,Education,2024-12-26,Approved
LN0884,Ronald Hansen,37,Male,283882,Salaried,595,1664282,Business,2024-11-15,Approved
LN0885,Emily Elliott,39,Female,117222,Self-employed,464,1542778,Home Improvement,2024-11-08,Approved
LN0886,Joseph Hernandez PhD,32,Male,114543,Salaried,342,714012,Home Improvement,2024-06-22,Approved
LN0887,Elizabeth Moore,37,Female,126729,Salaried,335,1445766,Education,2023-09-16,Rejected
LN0888,Michael May,30,Female,265105,Salaried,466,1169130,Education,2023-07-24,Approved
LN0889,Brittany Lawson,22,Female,291838,Self-employed,769,1995761,Education,2025-02-12,Approved
LN0890,Bruce Munoz,55,Female,369342,Self-employed,785,1929000,Education,2024-08-20,Rejected
LN0891,David Orozco,57,Male,449208,Salaried,752,760272,Business,2024-03-29,Rejected
LN0892,Sandra Savage,23,Male,385471,Salaried,615,102000,Medical,2025-06-07,Approved
LN0893,Courtney Brown,35,Female,217377,Salaried,356,1325385,Personal,2024-07-13,Rejected
LN0894,Donna Wolfe,35,Female,132611,Salaried,756,1469904,Business,2023-08-26,Rejected
LN0895,Shelly Brown,46,Male,287145,Salaried,823,167540,Education,2024-10-10,Approved
LN0896,Alison Perry,48,Female,232434,Salaried,591,773350,Education,2024-08-25,Rejected
LN0897,Pamela Jones,49,Male,143086,Self-employed,754,1605096,Medical,2024-05-19,Rejected
LN0898,Sarah Harrison,39,Male,452404,Self-employed,734,1577996,Medical,2025-06-26,Approved
LN0899,Cheyenne Hansen,58,Male,105308,Salaried,786,1869333,Home Improvement,2024-05-04,Rejected
LN0900,Bruce Frank,25,Female,76372,Salaried,579,919298,Personal,2024-07-20,Rejected
LN0901,Rebecca Davis,57,Male,134468,Salaried,690,657048,Home Improvement,2024-12-09,Approved
LN0902,Cody Palmer,40,Female,289050,Salaried,774,520853,Business,2024-12-31,Rejected
LN0903,Christopher Gould,30,Female,187375,Unemployed,783,310417,Education,2024-03-09,Rejected
LN0904,Erin Williams,52,Male,44912,Salaried,583,1084001,Business,2024-09-30,Rejected
LN0905,Oscar Spencer,44,Female,326523,Salaried,564,1367003,Medical,2024-03-16,Rejected
LN0906,Linda Hodges,28,Female,298711,Self-employed,317,1822680,Education,2023-12-17,Approved
LN0907,Miss Kristen Roberts,24,Male,197604,Salaried,438,799491,Personal,2024-08-26,Approved
LN0908,Lee Carter,44,Female,363576,Unemployed,664,152162,Education,2025-04-16,Approved
LN0909,Michelle Hall,25,Male,431836,Self-employed,396,1305695,Personal,2023-09-05,Rejected
LN0910,Sabrina Gray,41,Female,172322,Self-employed,671,250977,Home Improvement,2024-11-05,Approved
LN0911,Jonathan Maldonado,30,Male,101800,Salaried,681,1683278,Medical,2024-08-26,Approved
LN0912,Michelle Perez,31,Male,144229,Salaried,526,1793936,Personal,2024-01-13,Rejected
LN0913,Jade Jackson,56,Male,248809,Salaried,378,294455,Personal,2025-01-27,Rejected
LN0914,William Pitts,51,Female,193354,Self-employed,442,1763454,Medical,2023-11-19,Rejected
LN0915,Nicholas Briggs,59,Female,120286,Self-employed,329,1611246,Business,2025-05-27,Approved
LN0916,Patrick Martinez,30,Male,191180,Salaried,433,214846,Medical,2024-04-05,Rejected
LN0917,Mark Burns,28,Male,39859,Self-employed,741,139164,Personal,2024-03-04,Approved
LN0918,Andrew White,53,Male,275934,Salaried,559,140767,Business,2024-09-25,Rejected
LN0919,Maria Fry,21,Male,440187,Salaried,510,1282292,Personal,2024-12-22,Approved
LN0920,Ashley Carrillo,43,Male,77594,Salaried,584,1265826,Education,2023-09-29,Rejected
LN0921,Charles Johnson,53,Male,294717,Salaried,401,1768797,Home Improvement,2024-08-16,Rejected
LN0922,Jean Jones,54,Male,405291,Salaried,588,410235,Home Improvement,2023-11-07,Approved
LN0923,Maria Gonzalez,27,Male,294343,Self-employed,786,818528,Home Improvement,2025-04-25,Approved
LN0924,Katelyn Huffman,27,Male,467645,Salaried,688,939385,Personal,2024-08-16,Approved
LN0925,Mark Saunders,47,Male,429197,Unemployed,426,1027066,Business,2024-10-10,Rejected
LN0926,Christopher White,52,Female,399481,Salaried,341,222486,Education,2024-11-03,Rejected
LN0927,Luis Jones,45,Female,269571,Self-employed,619,1490841,Medical,2024-03-30,Approved
LN0928,Anna Andrews,47,Female,478457,Salaried,371,1926436,Medical,2023-09-03,Rejected
LN0929,Stacy Martinez,44,Male,36703,Unemployed,803,1459486,Business,2025-03-09,Rejected
LN0930,Bruce Hughes,54,Male,92504,Salaried,710,1507598,Home Improvement,2024-01-16,Rejected
LN0931,Karen Smith,31,Male,220688,Unemployed,646,469982,Home Improvement,2024-07-11,Rejected
LN0932,James Simpson,46,Male,152090,Self-employed,811,634095,Home Improvement,2023-09-27,Approved
LN0933,Claire Mcneil,46,Female,279470,Self-employed,714,1066139,Home Improvement,2024-02-12,Approved
LN0934,Gwendolyn Wong,50,Male,94062,Salaried,809,534068,Personal,2025-06-07,Approved
LN0935,Colin Kerr,24,Male,291166,Self-employed,483,852439,Home Improvement,2025-01-21,Rejected
LN0936,Dustin Pham,30,Female,356089,Self-employed,378,1436386,Home Improvement,2024-10-22,Rejected
LN0937,Elizabeth Jackson,50,Male,183911,Self-employed,802,1108631,Education,2024-10-31,Approved
LN0938,David White,55,Male,430537,Salaried,740,1895757,Business,2024-03-25,Approved
LN0939,Robert Armstrong,41,Female,262026,Salaried,333,420921,Home Improvement,2024-12-19,Rejected
LN0940,Janet Welch,40,Male,287676,Salaried,619,1550980,Medical,2025-04-06,Approved
LN0941,Matthew Scott,28,Female,376071,Salaried,781,1048057,Home Improvement,2024-01-21,Rejected
LN0942,Michael Joseph,53,Male,235198,Salaried,686,1343816,Education,2024-03-19,Rejected
LN0943,Brian Smith,39,Female,62203,Salaried,346,318850,Education,2024-12-30,Rejected
LN0944,Angela Bass,58,Male,431182,Self-employed,649,848120,Business,2023-08-04,Approved
LN0945,Maria Jones,43,Female,214166,Salaried,550,569284,Personal,2024-02-20,Rejected
LN0946,Shannon Jordan,58,Male,390705,Salaried,612,290063,Education,2024-01-27,Approved
LN0947,Eileen Lee,55,Female,49596,Salaried,732,1241285,Home Improvement,2024-05-20,Rejected
LN0948,Jordan Delgado,38,Male,394882,Salaried,322,713778,Medical,2025-06-04,Rejected
LN0949,Gregory Ramirez,41,Male,453795,Salaried,510,754574,Medical,2024-09-30,Rejected
LN0950,Gina Ward,42,Male,352346,Salaried,746,473118,Medical,2024-01-28,Approved
LN0951,Nathan Harris,25,Male,180657,Salaried,604,1252760,Medical,2025-04-05,Rejected
LN0952,Alexandra Barnes,60,Male,406285,Self-employed,397,1291230,Education,2024-12-14,Approved
LN0953,Stuart Roberts,57,Female,253926,Salaried,378,1416371,Education,2023-11-27,Rejected
LN0954,Ryan Lyons,40,Female,377842,Salaried,504,918879,Medical,2024-02-24,Approved
LN0955,John Tucker,53,Female,382090,Self-employed,484,1897374,Business,2025-03-21,Rejected
LN0956,James White,54,Male,332432,Salaried,778,611902,Home Improvement,2023-11-10,Rejected
LN0957,Rebecca Ruiz,48,Male,303819,Salaried,773,359840,Personal,2024-06-03,Approved
LN0958,Debbie Thompson,40,Female,245094,Salaried,365,1379442,Personal,2024-06-22,Rejected
LN0959,Jacqueline Sweeney,38,Female,368712,Salaried,541,901162,Personal,2025-03-22,Approved
LN0960,Evan Warren,33,Male,158758,Self-employed,617,1023413,Medical,2024-03-23,Approved
LN0961,Katherine White,48,Female,369173,Unemployed,506,384198,Education,2024-03-08,Approved
LN0962,Sarah Moore,37,Female,375333,Salaried,343,1565137,Medical,2023-12-09,Rejected
LN0963,Bethany Hernandez,24,Male,194576,Self-employed,365,1938642,Medical,2024-06-22,Rejected
LN0964,Ronald Hardy,26,Female,470302,Self-employed,443,545014,Business,2023-10-14,Rejected
LN0965,Jeffrey Chaney,53,Male,303656,Self-employed,837,578079,Medical,2024-06-01,Rejected
LN0966,Samuel Flores,36,Male,435374,Self-employed,637,1795531,Home Improvement,2024-06-14,Rejected
LN0967,Anthony Davis,36,Female,144299,Salaried,479,499018,Education,2025-04-26,Rejected
LN0968,Christopher Bond,37,Male,287089,Salaried,415,713727,Home Improvement,2024-05-19,Rejected
LN0969,Tammy Norman,36,Female,491076,Self-employed,448,811262,Medical,2024-07-15,Rejected
LN0970,Dwayne Martinez,40,Male,368374,Unemployed,335,1814696,Business,2025-04-14,Rejected
LN0971,Justin White,36,Female,319788,Salaried,671,1944057,Business,2023-11-30,Approved
LN0972,Christian Allen,36,Female,233670,Salaried,702,1995123,Education,2024-08-22,Approved
LN0973,Brian Hogan,36,Female,140303,Self-employed,464,1970762,Medical,2023-12-23,Rejected
LN0974,Darren Christian,47,Male,173674,Self-employed,803,1037950,Medical,2024-12-18,Rejected
LN0975,Melissa Quinn,42,Female,489675,Unemployed,402,1778893,Personal,2023-10-06,Rejected
LN0976,Timothy Baker,53,Male,214474,Salaried,634,1000558,Business,2023-10-19,Rejected
LN0977,Sarah Bennett,32,Female,444721,Self-employed,303,890248,Personal,2025-03-14,Rejected
LN0978,Dylan Luna,41,Male,88105,Salaried,828,1546452,Personal,2023-11-23,Rejected
LN0979,Danielle Miller,47,Female,266710,Salaried,436,596685,Personal,2024-01-07,Rejected
LN0980,Donna Simmons,41,Female,134157,Salaried,676,431449,Medical,2024-08-01,Rejected
LN0981,James Hall,57,Male,40870,Unemployed,534,1951791,Business,2025-06-14,Rejected
LN0982,Janet Boyle,33,Female,397662,Self-employed,350,891031,Home Improvement,2024-02-24,Rejected
LN0983,Stephanie Lee,37,Male,76693,Unemployed,474,1239594,Business,2025-05-10,Approved
LN0984,Joel Johnson,54,Female,435463,Unemployed,764,1784884,Medical,2023-09-30,Approved
LN0985,Megan Wright,34,Male,481903,Self-employed,572,653900,Medical,2025-01-07,Rejected
LN0986,Anthony Watts,48,Male,344616,Salaried,589,1574017,Personal,2024-09-05,Rejected
LN0987,Cynthia Garcia,47,Male,45085,Salaried,568,543849,Home Improvement,2023-11-11,Rejected
LN0988,Debra Hughes,36,Female,335609,Self-employed,769,229807,Business,2025-06-15,Approved
LN0989,Jesse Yu,41,Female,390108,Salaried,692,1535733,Medical,2024-09-14,Rejected
LN0990,Luke Boone,37,Male,79953,Salaried,353,748063,Personal,2024-01-08,Rejected
LN0991,Rebecca Cole,43,Male,32810,Salaried,690,684403,Medical,2023-10-18,Approved
LN0992,Jon Martin,29,Male,334342,Salaried,473,1106433,Medical,2023-08-08,Rejected
LN0993,Donna Smith,50,Male,77001,Salaried,843,957919,Personal,2024-05-26,Approved
LN0994,Shawn Riddle,41,Male,97041,Salaried,587,1618299,Education,2024-08-23,Rejected
LN0995,Jordan Mendoza,39,Female,351352,Self-employed,570,1134170,Education,2024-07-30,Rejected
LN0996,Debbie York,31,Female,416331,Unemployed,454,1215334,Medical,2024-02-14,Approved
LN0997,Karen Yates,30,Male,150513,Salaried,781,595729,Personal,2023-09-02,Rejected
LN0998,Jesse Lopez,48,Male,499329,Unemployed,341,975933,Education,2024-08-14,Rejected
LN0999,John Campbell,56,Female,269997,Salaried,451,309321,Education,2023-08-10,Approved
LN1000,Nicholas Johnson,39,Male,467756,Salaried,820,1775058,Education,2025-05-28,Approved
